condition,run_id,seed,method,scenario,round,accuracy,asr,benign_exclusion
standard,1_fedavg_none_seed20240925,20240925,fedavg,none,1,0.1717,0.1345555555555555,
standard,1_fedavg_none_seed20240925,20240925,fedavg,none,2,0.2215,0.16411111111111107,
standard,1_fedavg_none_seed20240925,20240925,fedavg,none,3,0.2739,0.1353333333333333,
standard,1_fedavg_none_seed20240925,20240925,fedavg,none,4,0.3086,0.08911111111111111,
standard,1_fedavg_none_seed20240925,20240925,fedavg,none,5,0.3168,0.15311111111111103,
standard,1_fedavg_none_seed20240925,20240925,fedavg,none,6,0.3348999999999999,0.1265555555555555,
standard,1_fedavg_none_seed20240925,20240925,fedavg,none,7,0.3651,0.10222222222222224,
standard,1_fedavg_none_seed20240925,20240925,fedavg,none,8,0.3796,0.10655555555555551,
standard,1_fedavg_none_seed20240925,20240925,fedavg,none,9,0.3908,0.09044444444444447,
standard,1_fedavg_none_seed20240925,20240925,fedavg,none,10,0.4004,0.06988888888888888,
standard,1_fedavg_none_seed20240925,20240925,fedavg,none,11,0.4093,0.10911111111111108,
standard,1_fedavg_none_seed20240925,20240925,fedavg,none,12,0.4176,0.10922222222222225,
standard,1_fedavg_none_seed20240925,20240925,fedavg,none,13,0.4343,0.08055555555555553,
standard,1_fedavg_none_seed20240925,20240925,fedavg,none,14,0.4551,0.063,
standard,1_fedavg_none_seed20240925,20240925,fedavg,none,15,0.4563,0.0914444444444445,
standard,1_fedavg_none_seed20240925,20240925,fedavg,none,16,0.4646,0.088,
standard,1_fedavg_none_seed20240925,20240925,fedavg,none,17,0.4682,0.07911111111111112,
standard,1_fedavg_none_seed20240925,20240925,fedavg,none,18,0.4887,0.068,
standard,1_fedavg_none_seed20240925,20240925,fedavg,none,19,0.4899,0.07755555555555552,
standard,1_fedavg_none_seed20240925,20240925,fedavg,none,20,0.5031,0.06288888888888888,
standard,1_fedavg_none_seed20240925,20240925,fedavg,none,21,0.5108,0.05788888888888888,
standard,1_fedavg_none_seed20240925,20240925,fedavg,none,22,0.5133,0.067,
standard,1_fedavg_none_seed20240925,20240925,fedavg,none,23,0.5209,0.05844444444444446,
standard,1_fedavg_none_seed20240925,20240925,fedavg,none,24,0.527,0.08077777777777775,
standard,1_fedavg_none_seed20240925,20240925,fedavg,none,25,0.5326,0.06433333333333335,
standard,1_fedavg_none_seed20240925,20240925,fedavg,none,26,0.5446,0.04988888888888888,
standard,1_fedavg_none_seed20240925,20240925,fedavg,none,27,0.5511,0.05366666666666666,
standard,1_fedavg_none_seed20240925,20240925,fedavg,none,28,0.5364,0.06933333333333334,
standard,1_fedavg_none_seed20240925,20240925,fedavg,none,29,0.5644,0.047,
standard,1_fedavg_none_seed20240925,20240925,fedavg,none,30,0.5626,0.04766666666666667,
standard,2_fltrust_none_seed20240925,20240925,fltrust,none,1,0.1965,0.11133333333333334,
standard,2_fltrust_none_seed20240925,20240925,fltrust,none,2,0.2732,0.09533333333333334,
standard,2_fltrust_none_seed20240925,20240925,fltrust,none,3,0.302,0.06366666666666665,
standard,2_fltrust_none_seed20240925,20240925,fltrust,none,4,0.3157,0.05844444444444446,
standard,2_fltrust_none_seed20240925,20240925,fltrust,none,5,0.3423,0.10633333333333332,
standard,2_fltrust_none_seed20240925,20240925,fltrust,none,6,0.3633,0.111,
standard,2_fltrust_none_seed20240925,20240925,fltrust,none,7,0.3653,0.07144444444444448,
standard,2_fltrust_none_seed20240925,20240925,fltrust,none,8,0.3625,0.1135555555555555,
standard,2_fltrust_none_seed20240925,20240925,fltrust,none,9,0.3842999999999999,0.042555555555555555,
standard,2_fltrust_none_seed20240925,20240925,fltrust,none,10,0.389,0.12055555555555551,
standard,2_fltrust_none_seed20240925,20240925,fltrust,none,11,0.3873,0.06788888888888887,
standard,2_fltrust_none_seed20240925,20240925,fltrust,none,12,0.4144,0.17455555555555552,
standard,2_fltrust_none_seed20240925,20240925,fltrust,none,13,0.3713,0.015,
standard,2_fltrust_none_seed20240925,20240925,fltrust,none,14,0.4468,0.1313333333333333,
standard,2_fltrust_none_seed20240925,20240925,fltrust,none,15,0.3817999999999999,0.02033333333333334,
standard,2_fltrust_none_seed20240925,20240925,fltrust,none,16,0.4503,0.1605555555555555,
standard,2_fltrust_none_seed20240925,20240925,fltrust,none,17,0.424,0.02955555555555556,
standard,2_fltrust_none_seed20240925,20240925,fltrust,none,18,0.4777,0.1333333333333333,
standard,2_fltrust_none_seed20240925,20240925,fltrust,none,19,0.4504,0.023777777777777773,
standard,2_fltrust_none_seed20240925,20240925,fltrust,none,20,0.4992,0.10055555555555551,
standard,2_fltrust_none_seed20240925,20240925,fltrust,none,21,0.4868,0.041,
standard,2_fltrust_none_seed20240925,20240925,fltrust,none,22,0.513,0.08311111111111111,
standard,2_fltrust_none_seed20240925,20240925,fltrust,none,23,0.5034,0.039333333333333324,
standard,2_fltrust_none_seed20240925,20240925,fltrust,none,24,0.5023,0.1393333333333333,
standard,2_fltrust_none_seed20240925,20240925,fltrust,none,25,0.5312,0.04411111111111112,
standard,2_fltrust_none_seed20240925,20240925,fltrust,none,26,0.5357,0.06666666666666665,
standard,2_fltrust_none_seed20240925,20240925,fltrust,none,27,0.5462,0.03088888888888888,
standard,2_fltrust_none_seed20240925,20240925,fltrust,none,28,0.5352,0.10566666666666667,
standard,2_fltrust_none_seed20240925,20240925,fltrust,none,29,0.5417,0.01555555555555556,
standard,2_fltrust_none_seed20240925,20240925,fltrust,none,30,0.5575,0.07922222222222225,
standard,3_single_stream_none_seed20240925,20240925,single_stream,none,1,0.1709,0.13366666666666668,0.0
standard,3_single_stream_none_seed20240925,20240925,single_stream,none,2,0.2371,0.1533333333333333,0.05
standard,3_single_stream_none_seed20240925,20240925,single_stream,none,3,0.2877,0.07877777777777775,0.1
standard,3_single_stream_none_seed20240925,20240925,single_stream,none,4,0.3068,0.01344444444444444,0.2
standard,3_single_stream_none_seed20240925,20240925,single_stream,none,5,0.3383,0.039333333333333324,0.25
standard,3_single_stream_none_seed20240925,20240925,single_stream,none,6,0.362,0.09233333333333334,0.15
standard,3_single_stream_none_seed20240925,20240925,single_stream,none,7,0.3859,0.06411111111111112,0.1
standard,3_single_stream_none_seed20240925,20240925,single_stream,none,8,0.3893,0.08422222222222224,0.2
standard,3_single_stream_none_seed20240925,20240925,single_stream,none,9,0.4107,0.063,0.1
standard,3_single_stream_none_seed20240925,20240925,single_stream,none,10,0.4177,0.08766666666666666,0.15
standard,3_single_stream_none_seed20240925,20240925,single_stream,none,11,0.4015000000000001,0.1373333333333333,0.2
standard,3_single_stream_none_seed20240925,20240925,single_stream,none,12,0.4278,0.144,0.15
standard,3_single_stream_none_seed20240925,20240925,single_stream,none,13,0.4307,0.094,0.2
standard,3_single_stream_none_seed20240925,20240925,single_stream,none,14,0.4556,0.063,0.25
standard,3_single_stream_none_seed20240925,20240925,single_stream,none,15,0.4716,0.09544444444444448,0.2
standard,3_single_stream_none_seed20240925,20240925,single_stream,none,16,0.4709,0.10677777777777775,0.15
standard,3_single_stream_none_seed20240925,20240925,single_stream,none,17,0.4782,0.08,0.2
standard,3_single_stream_none_seed20240925,20240925,single_stream,none,18,0.4922,0.09022222222222225,0.15
standard,3_single_stream_none_seed20240925,20240925,single_stream,none,19,0.495,0.096,0.15
standard,3_single_stream_none_seed20240925,20240925,single_stream,none,20,0.516,0.06733333333333334,0.2
standard,3_single_stream_none_seed20240925,20240925,single_stream,none,21,0.5174,0.057,0.25
standard,3_single_stream_none_seed20240925,20240925,single_stream,none,22,0.5224,0.07611111111111112,0.15
standard,3_single_stream_none_seed20240925,20240925,single_stream,none,23,0.5294,0.06588888888888887,0.2
standard,3_single_stream_none_seed20240925,20240925,single_stream,none,24,0.5158,0.0968888888888889,0.2
standard,3_single_stream_none_seed20240925,20240925,single_stream,none,25,0.5343,0.08477777777777776,0.15
standard,3_single_stream_none_seed20240925,20240925,single_stream,none,26,0.5448,0.048111111111111125,0.2
standard,3_single_stream_none_seed20240925,20240925,single_stream,none,27,0.5505,0.07333333333333335,0.15
standard,3_single_stream_none_seed20240925,20240925,single_stream,none,28,0.546,0.08888888888888889,0.15
standard,3_single_stream_none_seed20240925,20240925,single_stream,none,29,0.5632,0.06288888888888888,0.15
standard,3_single_stream_none_seed20240925,20240925,single_stream,none,30,0.5648,0.05466666666666667,0.15
standard,4_ttfl_none_seed20240925,20240925,ttfl,none,1,0.17000000000000004,0.1253333333333333,0.0
standard,4_ttfl_none_seed20240925,20240925,ttfl,none,2,0.2419,0.125,0.0
standard,4_ttfl_none_seed20240925,20240925,ttfl,none,3,0.2953,0.07377777777777775,0.0
standard,4_ttfl_none_seed20240925,20240925,ttfl,none,4,0.3255,0.062111111111111124,0.0
standard,4_ttfl_none_seed20240925,20240925,ttfl,none,5,0.3403,0.10100000000000002,0.0
standard,4_ttfl_none_seed20240925,20240925,ttfl,none,6,0.3632000000000001,0.08155555555555553,0.0
standard,4_ttfl_none_seed20240925,20240925,ttfl,none,7,0.3837,0.07744444444444448,0.0
standard,4_ttfl_none_seed20240925,20240925,ttfl,none,8,0.3973999999999999,0.08622222222222224,0.0
standard,4_ttfl_none_seed20240925,20240925,ttfl,none,9,0.4050000000000001,0.07422222222222224,0.05
standard,4_ttfl_none_seed20240925,20240925,ttfl,none,10,0.4133,0.059777777777777756,0.05
standard,4_ttfl_none_seed20240925,20240925,ttfl,none,11,0.4187,0.09922222222222224,0.05
standard,4_ttfl_none_seed20240925,20240925,ttfl,none,12,0.4307,0.10511111111111107,0.05
standard,4_ttfl_none_seed20240925,20240925,ttfl,none,13,0.4427,0.08177777777777775,0.05
standard,4_ttfl_none_seed20240925,20240925,ttfl,none,14,0.4601,0.06655555555555553,0.05
standard,4_ttfl_none_seed20240925,20240925,ttfl,none,15,0.4628,0.09622222222222225,0.05
standard,4_ttfl_none_seed20240925,20240925,ttfl,none,16,0.4689,0.09055555555555551,0.05
standard,4_ttfl_none_seed20240925,20240925,ttfl,none,17,0.4697,0.08144444444444449,0.05
standard,4_ttfl_none_seed20240925,20240925,ttfl,none,18,0.4977,0.06344444444444447,0.05
standard,4_ttfl_none_seed20240925,20240925,ttfl,none,19,0.5005,0.079,0.05
standard,4_ttfl_none_seed20240925,20240925,ttfl,none,20,0.514,0.06544444444444447,0.05
standard,4_ttfl_none_seed20240925,20240925,ttfl,none,21,0.5239,0.06744444444444447,0.1
standard,4_ttfl_none_seed20240925,20240925,ttfl,none,22,0.522,0.06444444444444447,0.1
standard,4_ttfl_none_seed20240925,20240925,ttfl,none,23,0.5219,0.07433333333333335,0.1
standard,4_ttfl_none_seed20240925,20240925,ttfl,none,24,0.5256,0.09311111111111109,0.1
standard,4_ttfl_none_seed20240925,20240925,ttfl,none,25,0.5377,0.08588888888888889,0.1
standard,4_ttfl_none_seed20240925,20240925,ttfl,none,26,0.5497,0.05866666666666665,0.1
standard,4_ttfl_none_seed20240925,20240925,ttfl,none,27,0.5572,0.057444444444444465,0.05
standard,4_ttfl_none_seed20240925,20240925,ttfl,none,28,0.5489,0.07644444444444447,0.05
standard,4_ttfl_none_seed20240925,20240925,ttfl,none,29,0.5648,0.04966666666666666,0.05
standard,4_ttfl_none_seed20240925,20240925,ttfl,none,30,0.5711,0.04822222222222224,0.05
standard,5_fedavg_backdoor_seed20240925,20240925,fedavg,backdoor,1,0.1779,0.37144444444444435,
standard,5_fedavg_backdoor_seed20240925,20240925,fedavg,backdoor,2,0.20100000000000004,0.32166666666666655,
standard,5_fedavg_backdoor_seed20240925,20240925,fedavg,backdoor,3,0.2313,0.35133333333333333,
standard,5_fedavg_backdoor_seed20240925,20240925,fedavg,backdoor,4,0.2734,0.2704444444444445,
standard,5_fedavg_backdoor_seed20240925,20240925,fedavg,backdoor,5,0.2826,0.289,
standard,5_fedavg_backdoor_seed20240925,20240925,fedavg,backdoor,6,0.2988,0.26522222222222214,
standard,5_fedavg_backdoor_seed20240925,20240925,fedavg,backdoor,7,0.3301,0.2423333333333334,
standard,5_fedavg_backdoor_seed20240925,20240925,fedavg,backdoor,8,0.3438,0.23088888888888898,
standard,5_fedavg_backdoor_seed20240925,20240925,fedavg,backdoor,9,0.3508,0.21711111111111103,
standard,5_fedavg_backdoor_seed20240925,20240925,fedavg,backdoor,10,0.371,0.1895555555555555,
standard,5_fedavg_backdoor_seed20240925,20240925,fedavg,backdoor,11,0.3752,0.2125555555555555,
standard,5_fedavg_backdoor_seed20240925,20240925,fedavg,backdoor,12,0.3836,0.21477777777777785,
standard,5_fedavg_backdoor_seed20240925,20240925,fedavg,backdoor,13,0.4057,0.17955555555555552,
standard,5_fedavg_backdoor_seed20240925,20240925,fedavg,backdoor,14,0.4378,0.14577777777777776,
standard,5_fedavg_backdoor_seed20240925,20240925,fedavg,backdoor,15,0.4204,0.19766666666666663,
standard,5_fedavg_backdoor_seed20240925,20240925,fedavg,backdoor,16,0.4332,0.1834444444444445,
standard,5_fedavg_backdoor_seed20240925,20240925,fedavg,backdoor,17,0.4411,0.17277777777777778,
standard,5_fedavg_backdoor_seed20240925,20240925,fedavg,backdoor,18,0.4629,0.14633333333333332,
standard,5_fedavg_backdoor_seed20240925,20240925,fedavg,backdoor,19,0.4651,0.16444444444444448,
standard,5_fedavg_backdoor_seed20240925,20240925,fedavg,backdoor,20,0.4802,0.1435555555555555,
standard,5_fedavg_backdoor_seed20240925,20240925,fedavg,backdoor,21,0.4853,0.13066666666666668,
standard,5_fedavg_backdoor_seed20240925,20240925,fedavg,backdoor,22,0.4889,0.141,
standard,5_fedavg_backdoor_seed20240925,20240925,fedavg,backdoor,23,0.4947,0.13222222222222224,
standard,5_fedavg_backdoor_seed20240925,20240925,fedavg,backdoor,24,0.4925,0.16311111111111107,
standard,5_fedavg_backdoor_seed20240925,20240925,fedavg,backdoor,25,0.5066,0.13344444444444448,
standard,5_fedavg_backdoor_seed20240925,20240925,fedavg,backdoor,26,0.5193,0.11322222222222224,
standard,5_fedavg_backdoor_seed20240925,20240925,fedavg,backdoor,27,0.5254,0.12488888888888894,
standard,5_fedavg_backdoor_seed20240925,20240925,fedavg,backdoor,28,0.5154,0.13711111111111104,
standard,5_fedavg_backdoor_seed20240925,20240925,fedavg,backdoor,29,0.5428,0.10566666666666667,
standard,5_fedavg_backdoor_seed20240925,20240925,fedavg,backdoor,30,0.5394,0.10511111111111107,
standard,6_fltrust_backdoor_seed20240925,20240925,fltrust,backdoor,1,0.1862,0.286,
standard,6_fltrust_backdoor_seed20240925,20240925,fltrust,backdoor,2,0.2497,0.1646666666666667,
standard,6_fltrust_backdoor_seed20240925,20240925,fltrust,backdoor,3,0.2909,0.18588888888888896,
standard,6_fltrust_backdoor_seed20240925,20240925,fltrust,backdoor,4,0.2893,0.256,
standard,6_fltrust_backdoor_seed20240925,20240925,fltrust,backdoor,5,0.3232,0.21633333333333332,
standard,6_fltrust_backdoor_seed20240925,20240925,fltrust,backdoor,6,0.3238,0.2625555555555555,
standard,6_fltrust_backdoor_seed20240925,20240925,fltrust,backdoor,7,0.3696,0.08866666666666666,
standard,6_fltrust_backdoor_seed20240925,20240925,fltrust,backdoor,8,0.319,0.2882222222222221,
standard,6_fltrust_backdoor_seed20240925,20240925,fltrust,backdoor,9,0.3896,0.017555555555555564,
standard,6_fltrust_backdoor_seed20240925,20240925,fltrust,backdoor,10,0.3114,0.34555555555555556,
standard,6_fltrust_backdoor_seed20240925,20240925,fltrust,backdoor,11,0.4051,0.02555555555555556,
standard,6_fltrust_backdoor_seed20240925,20240925,fltrust,backdoor,12,0.3197,0.39377777777777795,
standard,6_fltrust_backdoor_seed20240925,20240925,fltrust,backdoor,13,0.4099,0.004222222222222221,
standard,6_fltrust_backdoor_seed20240925,20240925,fltrust,backdoor,14,0.3541000000000001,0.367777777777778,
standard,6_fltrust_backdoor_seed20240925,20240925,fltrust,backdoor,15,0.4374,0.01,
standard,6_fltrust_backdoor_seed20240925,20240925,fltrust,backdoor,16,0.3415000000000001,0.3944444444444444,
standard,6_fltrust_backdoor_seed20240925,20240925,fltrust,backdoor,17,0.4415,0.003222222222222221,
standard,6_fltrust_backdoor_seed20240925,20240925,fltrust,backdoor,18,0.385,0.35633333333333334,
standard,6_fltrust_backdoor_seed20240925,20240925,fltrust,backdoor,19,0.4695,0.005555555555555556,
standard,6_fltrust_backdoor_seed20240925,20240925,fltrust,backdoor,20,0.3852999999999999,0.383222222222222,
standard,6_fltrust_backdoor_seed20240925,20240925,fltrust,backdoor,21,0.4836,0.0058888888888888906,
standard,6_fltrust_backdoor_seed20240925,20240925,fltrust,backdoor,22,0.3911,0.375888888888889,
standard,6_fltrust_backdoor_seed20240925,20240925,fltrust,backdoor,23,0.4824,0.0026666666666666674,
standard,6_fltrust_backdoor_seed20240925,20240925,fltrust,backdoor,24,0.3708,0.4304444444444443,
standard,6_fltrust_backdoor_seed20240925,20240925,fltrust,backdoor,25,0.5006,0.0036666666666666657,
standard,6_fltrust_backdoor_seed20240925,20240925,fltrust,backdoor,26,0.4392,0.31444444444444447,
standard,6_fltrust_backdoor_seed20240925,20240925,fltrust,backdoor,27,0.5169,0.006,
standard,6_fltrust_backdoor_seed20240925,20240925,fltrust,backdoor,28,0.382,0.4274444444444443,
standard,6_fltrust_backdoor_seed20240925,20240925,fltrust,backdoor,29,0.5212,0.003,
standard,6_fltrust_backdoor_seed20240925,20240925,fltrust,backdoor,30,0.4317,0.35466666666666663,
standard,7_single_stream_backdoor_seed20240925,20240925,single_stream,backdoor,1,0.1748,0.332,0.0
standard,7_single_stream_backdoor_seed20240925,20240925,single_stream,backdoor,2,0.2087,0.32477777777777794,0.05263157894736842
standard,7_single_stream_backdoor_seed20240925,20240925,single_stream,backdoor,3,0.2694,0.193111111111111,0.15789473684210525
standard,7_single_stream_backdoor_seed20240925,20240925,single_stream,backdoor,4,0.3086,0.09722222222222224,0.21052631578947367
standard,7_single_stream_backdoor_seed20240925,20240925,single_stream,backdoor,5,0.3226,0.17566666666666667,0.15789473684210525
standard,7_single_stream_backdoor_seed20240925,20240925,single_stream,backdoor,6,0.3348,0.22022222222222215,0.10526315789473684
standard,7_single_stream_backdoor_seed20240925,20240925,single_stream,backdoor,7,0.3654,0.18611111111111103,0.10526315789473684
standard,7_single_stream_backdoor_seed20240925,20240925,single_stream,backdoor,8,0.3747,0.18566666666666667,0.10526315789473684
standard,7_single_stream_backdoor_seed20240925,20240925,single_stream,backdoor,9,0.3909000000000001,0.1655555555555555,0.10526315789473684
standard,7_single_stream_backdoor_seed20240925,20240925,single_stream,backdoor,10,0.398,0.1645555555555555,0.05263157894736842
standard,7_single_stream_backdoor_seed20240925,20240925,single_stream,backdoor,11,0.3968,0.1924444444444445,0.05263157894736842
standard,7_single_stream_backdoor_seed20240925,20240925,single_stream,backdoor,12,0.4096,0.19666666666666663,0.05263157894736842
standard,7_single_stream_backdoor_seed20240925,20240925,single_stream,backdoor,13,0.4281,0.1466666666666667,0.05263157894736842
standard,7_single_stream_backdoor_seed20240925,20240925,single_stream,backdoor,14,0.4567,0.03955555555555556,0.10526315789473684
standard,7_single_stream_backdoor_seed20240925,20240925,single_stream,backdoor,15,0.4187,0.226111111111111,0.15789473684210525
standard,7_single_stream_backdoor_seed20240925,20240925,single_stream,backdoor,16,0.469,0.06988888888888888,0.15789473684210525
standard,7_single_stream_backdoor_seed20240925,20240925,single_stream,backdoor,17,0.4541,0.17688888888888898,0.15789473684210525
standard,7_single_stream_backdoor_seed20240925,20240925,single_stream,backdoor,18,0.4789,0.13266666666666668,0.05263157894736842
standard,7_single_stream_backdoor_seed20240925,20240925,single_stream,backdoor,19,0.4821,0.14922222222222226,0.05263157894736842
standard,7_single_stream_backdoor_seed20240925,20240925,single_stream,backdoor,20,0.5026,0.10833333333333332,0.10526315789473684
standard,7_single_stream_backdoor_seed20240925,20240925,single_stream,backdoor,21,0.5071,0.12355555555555552,0.15789473684210525
standard,7_single_stream_backdoor_seed20240925,20240925,single_stream,backdoor,22,0.5066,0.12011111111111106,0.15789473684210525
standard,7_single_stream_backdoor_seed20240925,20240925,single_stream,backdoor,23,0.5158,0.11322222222222224,0.15789473684210525
standard,7_single_stream_backdoor_seed20240925,20240925,single_stream,backdoor,24,0.5069,0.15588888888888897,0.10526315789473684
standard,7_single_stream_backdoor_seed20240925,20240925,single_stream,backdoor,25,0.5372,0.08,0.10526315789473684
standard,7_single_stream_backdoor_seed20240925,20240925,single_stream,backdoor,26,0.5347,0.10466666666666669,0.15789473684210525
standard,7_single_stream_backdoor_seed20240925,20240925,single_stream,backdoor,27,0.5302,0.11577777777777776,0.21052631578947367
standard,7_single_stream_backdoor_seed20240925,20240925,single_stream,backdoor,28,0.5354,0.1314444444444445,0.15789473684210525
standard,7_single_stream_backdoor_seed20240925,20240925,single_stream,backdoor,29,0.5505,0.09433333333333334,0.15789473684210525
standard,7_single_stream_backdoor_seed20240925,20240925,single_stream,backdoor,30,0.561,0.07911111111111112,0.10526315789473684
standard,8_ttfl_backdoor_seed20240925,20240925,ttfl,backdoor,1,0.1759,0.3293333333333334,0.0
standard,8_ttfl_backdoor_seed20240925,20240925,ttfl,backdoor,2,0.2098,0.2767777777777779,0.0
standard,8_ttfl_backdoor_seed20240925,20240925,ttfl,backdoor,3,0.2588,0.267,0.0
standard,8_ttfl_backdoor_seed20240925,20240925,ttfl,backdoor,4,0.3051,0.19566666666666666,0.0
standard,8_ttfl_backdoor_seed20240925,20240925,ttfl,backdoor,5,0.3131,0.21966666666666668,0.0
standard,8_ttfl_backdoor_seed20240925,20240925,ttfl,backdoor,6,0.3375,0.20633333333333337,0.0
standard,8_ttfl_backdoor_seed20240925,20240925,ttfl,backdoor,7,0.359,0.1825555555555555,0.0
standard,8_ttfl_backdoor_seed20240925,20240925,ttfl,backdoor,8,0.3699,0.1957777777777778,0.0
standard,8_ttfl_backdoor_seed20240925,20240925,ttfl,backdoor,9,0.3775,0.19288888888888897,0.05263157894736842
standard,8_ttfl_backdoor_seed20240925,20240925,ttfl,backdoor,10,0.3948,0.1594444444444445,0.05263157894736842
standard,8_ttfl_backdoor_seed20240925,20240925,ttfl,backdoor,11,0.3993,0.17822222222222223,0.05263157894736842
standard,8_ttfl_backdoor_seed20240925,20240925,ttfl,backdoor,12,0.4077,0.18511111111111103,0.05263157894736842
standard,8_ttfl_backdoor_seed20240925,20240925,ttfl,backdoor,13,0.4269,0.146,0.05263157894736842
standard,8_ttfl_backdoor_seed20240925,20240925,ttfl,backdoor,14,0.4515,0.11377777777777776,0.05263157894736842
standard,8_ttfl_backdoor_seed20240925,20240925,ttfl,backdoor,15,0.4477,0.16211111111111107,0.05263157894736842
standard,8_ttfl_backdoor_seed20240925,20240925,ttfl,backdoor,16,0.4468,0.1646666666666667,0.05263157894736842
standard,8_ttfl_backdoor_seed20240925,20240925,ttfl,backdoor,17,0.456,0.14788888888888893,0.05263157894736842
standard,8_ttfl_backdoor_seed20240925,20240925,ttfl,backdoor,18,0.4748,0.12888888888888894,0.05263157894736842
standard,8_ttfl_backdoor_seed20240925,20240925,ttfl,backdoor,19,0.4796,0.14822222222222226,0.05263157894736842
standard,8_ttfl_backdoor_seed20240925,20240925,ttfl,backdoor,20,0.4919,0.1224444444444445,0.05263157894736842
standard,8_ttfl_backdoor_seed20240925,20240925,ttfl,backdoor,21,0.5105,0.11033333333333334,0.05263157894736842
standard,8_ttfl_backdoor_seed20240925,20240925,ttfl,backdoor,22,0.5017,0.12411111111111106,0.05263157894736842
standard,8_ttfl_backdoor_seed20240925,20240925,ttfl,backdoor,23,0.5124,0.11877777777777776,0.05263157894736842
standard,8_ttfl_backdoor_seed20240925,20240925,ttfl,backdoor,24,0.505,0.1505555555555555,0.05263157894736842
standard,8_ttfl_backdoor_seed20240925,20240925,ttfl,backdoor,25,0.5225,0.12122222222222225,0.05263157894736842
standard,8_ttfl_backdoor_seed20240925,20240925,ttfl,backdoor,26,0.5366,0.08566666666666664,0.05263157894736842
standard,8_ttfl_backdoor_seed20240925,20240925,ttfl,backdoor,27,0.5412,0.10466666666666669,0.05263157894736842
standard,8_ttfl_backdoor_seed20240925,20240925,ttfl,backdoor,28,0.5343,0.11955555555555551,0.05263157894736842
standard,8_ttfl_backdoor_seed20240925,20240925,ttfl,backdoor,29,0.552,0.09222222222222225,0.05263157894736842
standard,8_ttfl_backdoor_seed20240925,20240925,ttfl,backdoor,30,0.5568,0.08722222222222224,0.05263157894736842
standard,9_fedavg_delayed_backdoor_seed20240925,20240925,fedavg,delayed_backdoor,1,0.1716,0.1435555555555555,
standard,9_fedavg_delayed_backdoor_seed20240925,20240925,fedavg,delayed_backdoor,2,0.226,0.1645555555555555,
standard,9_fedavg_delayed_backdoor_seed20240925,20240925,fedavg,delayed_backdoor,3,0.272,0.13177777777777774,
standard,9_fedavg_delayed_backdoor_seed20240925,20240925,fedavg,delayed_backdoor,4,0.3112,0.09011111111111111,
standard,9_fedavg_delayed_backdoor_seed20240925,20240925,fedavg,delayed_backdoor,5,0.3223,0.14411111111111105,
standard,9_fedavg_delayed_backdoor_seed20240925,20240925,fedavg,delayed_backdoor,6,0.3389,0.1216666666666667,
standard,9_fedavg_delayed_backdoor_seed20240925,20240925,fedavg,delayed_backdoor,7,0.3695,0.09844444444444449,
standard,9_fedavg_delayed_backdoor_seed20240925,20240925,fedavg,delayed_backdoor,8,0.3816,0.10666666666666667,
standard,9_fedavg_delayed_backdoor_seed20240925,20240925,fedavg,delayed_backdoor,9,0.3936,0.09388888888888891,
standard,9_fedavg_delayed_backdoor_seed20240925,20240925,fedavg,delayed_backdoor,10,0.4025000000000001,0.07122222222222226,
standard,9_fedavg_delayed_backdoor_seed20240925,20240925,fedavg,delayed_backdoor,11,0.3775,0.23455555555555552,
standard,9_fedavg_delayed_backdoor_seed20240925,20240925,fedavg,delayed_backdoor,12,0.4032,0.19988888888888898,
standard,9_fedavg_delayed_backdoor_seed20240925,20240925,fedavg,delayed_backdoor,13,0.4112,0.17577777777777778,
standard,9_fedavg_delayed_backdoor_seed20240925,20240925,fedavg,delayed_backdoor,14,0.4405,0.15011111111111103,
standard,9_fedavg_delayed_backdoor_seed20240925,20240925,fedavg,delayed_backdoor,15,0.4263,0.194,
standard,9_fedavg_delayed_backdoor_seed20240925,20240925,fedavg,delayed_backdoor,16,0.4373,0.17866666666666667,
standard,9_fedavg_delayed_backdoor_seed20240925,20240925,fedavg,delayed_backdoor,17,0.4493,0.16788888888888898,
standard,9_fedavg_delayed_backdoor_seed20240925,20240925,fedavg,delayed_backdoor,18,0.4675,0.14577777777777776,
standard,9_fedavg_delayed_backdoor_seed20240925,20240925,fedavg,delayed_backdoor,19,0.4675,0.16233333333333327,
standard,9_fedavg_delayed_backdoor_seed20240925,20240925,fedavg,delayed_backdoor,20,0.4878,0.14177777777777775,
standard,9_fedavg_delayed_backdoor_seed20240925,20240925,fedavg,delayed_backdoor,21,0.4934,0.1314444444444445,
standard,9_fedavg_delayed_backdoor_seed20240925,20240925,fedavg,delayed_backdoor,22,0.4929,0.13722222222222225,
standard,9_fedavg_delayed_backdoor_seed20240925,20240925,fedavg,delayed_backdoor,23,0.5051,0.12222222222222225,
standard,9_fedavg_delayed_backdoor_seed20240925,20240925,fedavg,delayed_backdoor,24,0.4972,0.16233333333333327,
standard,9_fedavg_delayed_backdoor_seed20240925,20240925,fedavg,delayed_backdoor,25,0.5084,0.13322222222222224,
standard,9_fedavg_delayed_backdoor_seed20240925,20240925,fedavg,delayed_backdoor,26,0.5265,0.111,
standard,9_fedavg_delayed_backdoor_seed20240925,20240925,fedavg,delayed_backdoor,27,0.5303,0.1193333333333333,
standard,9_fedavg_delayed_backdoor_seed20240925,20240925,fedavg,delayed_backdoor,28,0.5138,0.1395555555555555,
standard,9_fedavg_delayed_backdoor_seed20240925,20240925,fedavg,delayed_backdoor,29,0.5444,0.10377777777777776,
standard,9_fedavg_delayed_backdoor_seed20240925,20240925,fedavg,delayed_backdoor,30,0.5472,0.10199999999999998,
standard,10_fltrust_delayed_backdoor_seed20240925,20240925,fltrust,delayed_backdoor,1,0.19769999999999996,0.10922222222222225,
standard,10_fltrust_delayed_backdoor_seed20240925,20240925,fltrust,delayed_backdoor,2,0.2704,0.07633333333333336,
standard,10_fltrust_delayed_backdoor_seed20240925,20240925,fltrust,delayed_backdoor,3,0.3066,0.04822222222222224,
standard,10_fltrust_delayed_backdoor_seed20240925,20240925,fltrust,delayed_backdoor,4,0.3215,0.05311111111111112,
standard,10_fltrust_delayed_backdoor_seed20240925,20240925,fltrust,delayed_backdoor,5,0.3365,0.10311111111111107,
standard,10_fltrust_delayed_backdoor_seed20240925,20240925,fltrust,delayed_backdoor,6,0.3557,0.1426666666666667,
standard,10_fltrust_delayed_backdoor_seed20240925,20240925,fltrust,delayed_backdoor,7,0.3615999999999999,0.03922222222222224,
standard,10_fltrust_delayed_backdoor_seed20240925,20240925,fltrust,delayed_backdoor,8,0.3728,0.13522222222222224,
standard,10_fltrust_delayed_backdoor_seed20240925,20240925,fltrust,delayed_backdoor,9,0.3951,0.04266666666666668,
standard,10_fltrust_delayed_backdoor_seed20240925,20240925,fltrust,delayed_backdoor,10,0.3879,0.12133333333333331,
standard,10_fltrust_delayed_backdoor_seed20240925,20240925,fltrust,delayed_backdoor,11,0.4089,0.05133333333333334,
standard,10_fltrust_delayed_backdoor_seed20240925,20240925,fltrust,delayed_backdoor,12,0.3317,0.39788888888888896,
standard,10_fltrust_delayed_backdoor_seed20240925,20240925,fltrust,delayed_backdoor,13,0.4139,0.004,
standard,10_fltrust_delayed_backdoor_seed20240925,20240925,fltrust,delayed_backdoor,14,0.381,0.32077777777777794,
standard,10_fltrust_delayed_backdoor_seed20240925,20240925,fltrust,delayed_backdoor,15,0.4342,0.00788888888888889,
standard,10_fltrust_delayed_backdoor_seed20240925,20240925,fltrust,delayed_backdoor,16,0.3524,0.3923333333333333,
standard,10_fltrust_delayed_backdoor_seed20240925,20240925,fltrust,delayed_backdoor,17,0.4423,0.004444444444444445,
standard,10_fltrust_delayed_backdoor_seed20240925,20240925,fltrust,delayed_backdoor,18,0.3827,0.38544444444444437,
standard,10_fltrust_delayed_backdoor_seed20240925,20240925,fltrust,delayed_backdoor,19,0.4665,0.004666666666666665,
standard,10_fltrust_delayed_backdoor_seed20240925,20240925,fltrust,delayed_backdoor,20,0.3905,0.375888888888889,
standard,10_fltrust_delayed_backdoor_seed20240925,20240925,fltrust,delayed_backdoor,21,0.4838,0.004555555555555555,
standard,10_fltrust_delayed_backdoor_seed20240925,20240925,fltrust,delayed_backdoor,22,0.3879,0.38677777777777794,
standard,10_fltrust_delayed_backdoor_seed20240925,20240925,fltrust,delayed_backdoor,23,0.4834,0.0026666666666666674,
standard,10_fltrust_delayed_backdoor_seed20240925,20240925,fltrust,delayed_backdoor,24,0.3778000000000001,0.42411111111111105,
standard,10_fltrust_delayed_backdoor_seed20240925,20240925,fltrust,delayed_backdoor,25,0.5047,0.004222222222222221,
standard,10_fltrust_delayed_backdoor_seed20240925,20240925,fltrust,delayed_backdoor,26,0.4361,0.3275555555555555,
standard,10_fltrust_delayed_backdoor_seed20240925,20240925,fltrust,delayed_backdoor,27,0.5255,0.005777777777777781,
standard,10_fltrust_delayed_backdoor_seed20240925,20240925,fltrust,delayed_backdoor,28,0.3913,0.418,
standard,10_fltrust_delayed_backdoor_seed20240925,20240925,fltrust,delayed_backdoor,29,0.5261,0.0033333333333333335,
standard,10_fltrust_delayed_backdoor_seed20240925,20240925,fltrust,delayed_backdoor,30,0.4487,0.33577777777777795,
standard,11_single_stream_delayed_backdoor_seed20240925,20240925,single_stream,delayed_backdoor,1,0.1718,0.13344444444444448,0.0
standard,11_single_stream_delayed_backdoor_seed20240925,20240925,single_stream,delayed_backdoor,2,0.2389,0.16433333333333328,0.05263157894736842
standard,11_single_stream_delayed_backdoor_seed20240925,20240925,single_stream,delayed_backdoor,3,0.2831,0.031333333333333324,0.15789473684210525
standard,11_single_stream_delayed_backdoor_seed20240925,20240925,single_stream,delayed_backdoor,4,0.3102,0.01788888888888888,0.21052631578947367
standard,11_single_stream_delayed_backdoor_seed20240925,20240925,single_stream,delayed_backdoor,5,0.3353999999999999,0.08322222222222224,0.15789473684210525
standard,11_single_stream_delayed_backdoor_seed20240925,20240925,single_stream,delayed_backdoor,6,0.3622,0.08266666666666664,0.10526315789473684
standard,11_single_stream_delayed_backdoor_seed20240925,20240925,single_stream,delayed_backdoor,7,0.3665,0.03,0.21052631578947367
standard,11_single_stream_delayed_backdoor_seed20240925,20240925,single_stream,delayed_backdoor,8,0.4023,0.07933333333333335,0.10526315789473684
standard,11_single_stream_delayed_backdoor_seed20240925,20240925,single_stream,delayed_backdoor,9,0.3987,0.05577777777777775,0.21052631578947367
standard,11_single_stream_delayed_backdoor_seed20240925,20240925,single_stream,delayed_backdoor,10,0.4212,0.06933333333333334,0.21052631578947367
standard,11_single_stream_delayed_backdoor_seed20240925,20240925,single_stream,delayed_backdoor,11,0.3557,0.3164444444444445,0.15789473684210525
standard,11_single_stream_delayed_backdoor_seed20240925,20240925,single_stream,delayed_backdoor,12,0.398,0.25,0.15789473684210525
standard,11_single_stream_delayed_backdoor_seed20240925,20240925,single_stream,delayed_backdoor,13,0.4164,0.20388888888888898,0.15789473684210525
standard,11_single_stream_delayed_backdoor_seed20240925,20240925,single_stream,delayed_backdoor,14,0.4469,0.1366666666666667,0.21052631578947367
standard,11_single_stream_delayed_backdoor_seed20240925,20240925,single_stream,delayed_backdoor,15,0.468,0.08111111111111112,0.21052631578947367
standard,11_single_stream_delayed_backdoor_seed20240925,20240925,single_stream,delayed_backdoor,16,0.4681,0.08588888888888889,0.21052631578947367
standard,11_single_stream_delayed_backdoor_seed20240925,20240925,single_stream,delayed_backdoor,17,0.475,0.08933333333333333,0.21052631578947367
standard,11_single_stream_delayed_backdoor_seed20240925,20240925,single_stream,delayed_backdoor,18,0.4912,0.06688888888888887,0.21052631578947367
standard,11_single_stream_delayed_backdoor_seed20240925,20240925,single_stream,delayed_backdoor,19,0.49,0.10288888888888892,0.15789473684210525
standard,11_single_stream_delayed_backdoor_seed20240925,20240925,single_stream,delayed_backdoor,20,0.5064,0.06933333333333334,0.21052631578947367
standard,11_single_stream_delayed_backdoor_seed20240925,20240925,single_stream,delayed_backdoor,21,0.5105,0.06077777777777776,0.2631578947368421
standard,11_single_stream_delayed_backdoor_seed20240925,20240925,single_stream,delayed_backdoor,22,0.519,0.05844444444444446,0.21052631578947367
standard,11_single_stream_delayed_backdoor_seed20240925,20240925,single_stream,delayed_backdoor,23,0.5257,0.06477777777777775,0.21052631578947367
standard,11_single_stream_delayed_backdoor_seed20240925,20240925,single_stream,delayed_backdoor,24,0.5003,0.17666666666666667,0.15789473684210525
standard,11_single_stream_delayed_backdoor_seed20240925,20240925,single_stream,delayed_backdoor,25,0.5459,0.07122222222222226,0.21052631578947367
standard,11_single_stream_delayed_backdoor_seed20240925,20240925,single_stream,delayed_backdoor,26,0.5374,0.10511111111111107,0.21052631578947367
standard,11_single_stream_delayed_backdoor_seed20240925,20240925,single_stream,delayed_backdoor,27,0.551,0.06077777777777776,0.21052631578947367
standard,11_single_stream_delayed_backdoor_seed20240925,20240925,single_stream,delayed_backdoor,28,0.5212,0.1616666666666667,0.15789473684210525
standard,11_single_stream_delayed_backdoor_seed20240925,20240925,single_stream,delayed_backdoor,29,0.5629,0.05766666666666666,0.15789473684210525
standard,11_single_stream_delayed_backdoor_seed20240925,20240925,single_stream,delayed_backdoor,30,0.5531,0.12155555555555551,0.15789473684210525
standard,12_ttfl_delayed_backdoor_seed20240925,20240925,ttfl,delayed_backdoor,1,0.1693,0.13444444444444448,0.0
standard,12_ttfl_delayed_backdoor_seed20240925,20240925,ttfl,delayed_backdoor,2,0.2298,0.12255555555555551,0.0
standard,12_ttfl_delayed_backdoor_seed20240925,20240925,ttfl,delayed_backdoor,3,0.2905,0.08166666666666664,0.0
standard,12_ttfl_delayed_backdoor_seed20240925,20240925,ttfl,delayed_backdoor,4,0.3221,0.060222222222222246,0.0
standard,12_ttfl_delayed_backdoor_seed20240925,20240925,ttfl,delayed_backdoor,5,0.3384,0.10044444444444449,0.0
standard,12_ttfl_delayed_backdoor_seed20240925,20240925,ttfl,delayed_backdoor,6,0.3569,0.08477777777777776,0.0
standard,12_ttfl_delayed_backdoor_seed20240925,20240925,ttfl,delayed_backdoor,7,0.3799,0.07488888888888888,0.0
standard,12_ttfl_delayed_backdoor_seed20240925,20240925,ttfl,delayed_backdoor,8,0.3922,0.09544444444444448,0.0
standard,12_ttfl_delayed_backdoor_seed20240925,20240925,ttfl,delayed_backdoor,9,0.4029,0.07477777777777775,0.05263157894736842
standard,12_ttfl_delayed_backdoor_seed20240925,20240925,ttfl,delayed_backdoor,10,0.4142,0.06433333333333335,0.05263157894736842
standard,12_ttfl_delayed_backdoor_seed20240925,20240925,ttfl,delayed_backdoor,11,0.3655,0.2763333333333334,0.05263157894736842
standard,12_ttfl_delayed_backdoor_seed20240925,20240925,ttfl,delayed_backdoor,12,0.4005,0.2352222222222221,0.05263157894736842
standard,12_ttfl_delayed_backdoor_seed20240925,20240925,ttfl,delayed_backdoor,13,0.4269,0.16866666666666671,0.05263157894736842
standard,12_ttfl_delayed_backdoor_seed20240925,20240925,ttfl,delayed_backdoor,14,0.4527,0.12977777777777774,0.05263157894736842
standard,12_ttfl_delayed_backdoor_seed20240925,20240925,ttfl,delayed_backdoor,15,0.4522,0.16533333333333328,0.10526315789473684
standard,12_ttfl_delayed_backdoor_seed20240925,20240925,ttfl,delayed_backdoor,16,0.4571,0.1445555555555555,0.10526315789473684
standard,12_ttfl_delayed_backdoor_seed20240925,20240925,ttfl,delayed_backdoor,17,0.4591,0.14077777777777775,0.10526315789473684
standard,12_ttfl_delayed_backdoor_seed20240925,20240925,ttfl,delayed_backdoor,18,0.4819,0.112,0.10526315789473684
standard,12_ttfl_delayed_backdoor_seed20240925,20240925,ttfl,delayed_backdoor,19,0.4864,0.12688888888888894,0.10526315789473684
standard,12_ttfl_delayed_backdoor_seed20240925,20240925,ttfl,delayed_backdoor,20,0.5028,0.10566666666666667,0.10526315789473684
standard,12_ttfl_delayed_backdoor_seed20240925,20240925,ttfl,delayed_backdoor,21,0.5128,0.08855555555555551,0.10526315789473684
standard,12_ttfl_delayed_backdoor_seed20240925,20240925,ttfl,delayed_backdoor,22,0.517,0.06877777777777774,0.10526315789473684
standard,12_ttfl_delayed_backdoor_seed20240925,20240925,ttfl,delayed_backdoor,23,0.5159,0.08844444444444449,0.10526315789473684
standard,12_ttfl_delayed_backdoor_seed20240925,20240925,ttfl,delayed_backdoor,24,0.5194,0.12622222222222224,0.10526315789473684
standard,12_ttfl_delayed_backdoor_seed20240925,20240925,ttfl,delayed_backdoor,25,0.5238,0.1266666666666667,0.15789473684210525
standard,12_ttfl_delayed_backdoor_seed20240925,20240925,ttfl,delayed_backdoor,26,0.5401,0.08977777777777776,0.15789473684210525
standard,12_ttfl_delayed_backdoor_seed20240925,20240925,ttfl,delayed_backdoor,27,0.5384,0.107,0.15789473684210525
standard,12_ttfl_delayed_backdoor_seed20240925,20240925,ttfl,delayed_backdoor,28,0.5399,0.10811111111111107,0.10526315789473684
standard,12_ttfl_delayed_backdoor_seed20240925,20240925,ttfl,delayed_backdoor,29,0.5566,0.08544444444444449,0.10526315789473684
standard,12_ttfl_delayed_backdoor_seed20240925,20240925,ttfl,delayed_backdoor,30,0.5632,0.08066666666666664,0.10526315789473684
standard,13_fedavg_none_seed20240926,20240926,fedavg,none,1,0.2039,0.1455555555555555,
standard,13_fedavg_none_seed20240926,20240926,fedavg,none,2,0.254,0.19022222222222218,
standard,13_fedavg_none_seed20240926,20240926,fedavg,none,3,0.2859,0.07511111111111113,
standard,13_fedavg_none_seed20240926,20240926,fedavg,none,4,0.307,0.14788888888888893,
standard,13_fedavg_none_seed20240926,20240926,fedavg,none,5,0.3361,0.08311111111111111,
standard,13_fedavg_none_seed20240926,20240926,fedavg,none,6,0.3623,0.107,
standard,13_fedavg_none_seed20240926,20240926,fedavg,none,7,0.379,0.09433333333333334,
standard,13_fedavg_none_seed20240926,20240926,fedavg,none,8,0.4003,0.097,
standard,13_fedavg_none_seed20240926,20240926,fedavg,none,9,0.4006,0.07577777777777775,
standard,13_fedavg_none_seed20240926,20240926,fedavg,none,10,0.4291,0.06666666666666665,
standard,13_fedavg_none_seed20240926,20240926,fedavg,none,11,0.441,0.06177777777777776,
standard,13_fedavg_none_seed20240926,20240926,fedavg,none,12,0.4483,0.07255555555555553,
standard,13_fedavg_none_seed20240926,20240926,fedavg,none,13,0.4481,0.05855555555555553,
standard,13_fedavg_none_seed20240926,20240926,fedavg,none,14,0.4603,0.06222222222222224,
standard,13_fedavg_none_seed20240926,20240926,fedavg,none,15,0.4745,0.08488888888888889,
standard,13_fedavg_none_seed20240926,20240926,fedavg,none,16,0.4808,0.06255555555555553,
standard,13_fedavg_none_seed20240926,20240926,fedavg,none,17,0.4898,0.056666666666666664,
standard,13_fedavg_none_seed20240926,20240926,fedavg,none,18,0.4988,0.05477777777777776,
standard,13_fedavg_none_seed20240926,20240926,fedavg,none,19,0.5058,0.05277777777777776,
standard,13_fedavg_none_seed20240926,20240926,fedavg,none,20,0.5079,0.04844444444444445,
standard,13_fedavg_none_seed20240926,20240926,fedavg,none,21,0.5187,0.04911111111111112,
standard,13_fedavg_none_seed20240926,20240926,fedavg,none,22,0.5254,0.04555555555555555,
standard,13_fedavg_none_seed20240926,20240926,fedavg,none,23,0.5261,0.050777777777777755,
standard,13_fedavg_none_seed20240926,20240926,fedavg,none,24,0.5357,0.05144444444444446,
standard,13_fedavg_none_seed20240926,20240926,fedavg,none,25,0.5394,0.052222222222222246,
standard,13_fedavg_none_seed20240926,20240926,fedavg,none,26,0.5444,0.036666666666666674,
standard,13_fedavg_none_seed20240926,20240926,fedavg,none,27,0.5519,0.04066666666666668,
standard,13_fedavg_none_seed20240926,20240926,fedavg,none,28,0.5571,0.039111111111111124,
standard,13_fedavg_none_seed20240926,20240926,fedavg,none,29,0.5652,0.04911111111111112,
standard,13_fedavg_none_seed20240926,20240926,fedavg,none,30,0.568,0.038,
standard,14_fltrust_none_seed20240926,20240926,fltrust,none,1,0.2193,0.16733333333333328,
standard,14_fltrust_none_seed20240926,20240926,fltrust,none,2,0.2719,0.1395555555555555,
standard,14_fltrust_none_seed20240926,20240926,fltrust,none,3,0.2926,0.03566666666666667,
standard,14_fltrust_none_seed20240926,20240926,fltrust,none,4,0.3377,0.0958888888888889,
standard,14_fltrust_none_seed20240926,20240926,fltrust,none,5,0.3477,0.05811111111111112,
standard,14_fltrust_none_seed20240926,20240926,fltrust,none,6,0.3819,0.08166666666666664,
standard,14_fltrust_none_seed20240926,20240926,fltrust,none,7,0.3798000000000001,0.09344444444444448,
standard,14_fltrust_none_seed20240926,20240926,fltrust,none,8,0.4032,0.10577777777777776,
standard,14_fltrust_none_seed20240926,20240926,fltrust,none,9,0.377,0.0965555555555555,
standard,14_fltrust_none_seed20240926,20240926,fltrust,none,10,0.4119,0.05955555555555553,
standard,14_fltrust_none_seed20240926,20240926,fltrust,none,11,0.3998,0.10366666666666668,
standard,14_fltrust_none_seed20240926,20240926,fltrust,none,12,0.4273,0.05322222222222225,
standard,14_fltrust_none_seed20240926,20240926,fltrust,none,13,0.4063,0.077,
standard,14_fltrust_none_seed20240926,20240926,fltrust,none,14,0.4394,0.051777777777777756,
standard,14_fltrust_none_seed20240926,20240926,fltrust,none,15,0.4502,0.1186666666666667,
standard,14_fltrust_none_seed20240926,20240926,fltrust,none,16,0.4546,0.046,
standard,14_fltrust_none_seed20240926,20240926,fltrust,none,17,0.4635,0.09166666666666666,
standard,14_fltrust_none_seed20240926,20240926,fltrust,none,18,0.4723,0.04955555555555555,
standard,14_fltrust_none_seed20240926,20240926,fltrust,none,19,0.4644,0.06244444444444447,
standard,14_fltrust_none_seed20240926,20240926,fltrust,none,20,0.483,0.03655555555555556,
standard,14_fltrust_none_seed20240926,20240926,fltrust,none,21,0.4919,0.06833333333333334,
standard,14_fltrust_none_seed20240926,20240926,fltrust,none,22,0.5005,0.03633333333333333,
standard,14_fltrust_none_seed20240926,20240926,fltrust,none,23,0.5052,0.06755555555555554,
standard,14_fltrust_none_seed20240926,20240926,fltrust,none,24,0.5137,0.042555555555555555,
standard,14_fltrust_none_seed20240926,20240926,fltrust,none,25,0.5152,0.06977777777777774,
standard,14_fltrust_none_seed20240926,20240926,fltrust,none,26,0.5215,0.029888888888888878,
standard,14_fltrust_none_seed20240926,20240926,fltrust,none,27,0.5237,0.06788888888888887,
standard,14_fltrust_none_seed20240926,20240926,fltrust,none,28,0.5326,0.03355555555555556,
standard,14_fltrust_none_seed20240926,20240926,fltrust,none,29,0.5585,0.06555555555555553,
standard,14_fltrust_none_seed20240926,20240926,fltrust,none,30,0.5346,0.02877777777777777,
standard,15_single_stream_none_seed20240926,20240926,single_stream,none,1,0.2201,0.179,0.0
standard,15_single_stream_none_seed20240926,20240926,single_stream,none,2,0.2644,0.19422222222222219,0.0
standard,15_single_stream_none_seed20240926,20240926,single_stream,none,3,0.2786,0.004777777777777779,0.15
standard,15_single_stream_none_seed20240926,20240926,single_stream,none,4,0.3116,0.06622222222222224,0.3
standard,15_single_stream_none_seed20240926,20240926,single_stream,none,5,0.3425000000000001,0.029333333333333326,0.25
standard,15_single_stream_none_seed20240926,20240926,single_stream,none,6,0.3741,0.053,0.2
standard,15_single_stream_none_seed20240926,20240926,single_stream,none,7,0.3857,0.040111111111111125,0.25
standard,15_single_stream_none_seed20240926,20240926,single_stream,none,8,0.4087,0.06833333333333334,0.2
standard,15_single_stream_none_seed20240926,20240926,single_stream,none,9,0.4069,0.10044444444444449,0.1
standard,15_single_stream_none_seed20240926,20240926,single_stream,none,10,0.4379,0.053888888888888875,0.15
standard,15_single_stream_none_seed20240926,20240926,single_stream,none,11,0.4505,0.05533333333333334,0.15
standard,15_single_stream_none_seed20240926,20240926,single_stream,none,12,0.4563,0.06055555555555553,0.15
standard,15_single_stream_none_seed20240926,20240926,single_stream,none,13,0.4521,0.07522222222222225,0.1
standard,15_single_stream_none_seed20240926,20240926,single_stream,none,14,0.4673,0.05111111111111112,0.15
standard,15_single_stream_none_seed20240926,20240926,single_stream,none,15,0.483,0.09322222222222225,0.1
standard,15_single_stream_none_seed20240926,20240926,single_stream,none,16,0.489,0.07055555555555552,0.1
standard,15_single_stream_none_seed20240926,20240926,single_stream,none,17,0.4962,0.042555555555555555,0.15
standard,15_single_stream_none_seed20240926,20240926,single_stream,none,18,0.5037,0.04566666666666667,0.15
standard,15_single_stream_none_seed20240926,20240926,single_stream,none,19,0.5097,0.06477777777777775,0.1
standard,15_single_stream_none_seed20240926,20240926,single_stream,none,20,0.5169,0.05444444444444446,0.1
standard,15_single_stream_none_seed20240926,20240926,single_stream,none,21,0.5226,0.05855555555555553,0.1
standard,15_single_stream_none_seed20240926,20240926,single_stream,none,22,0.5334,0.03833333333333332,0.15
standard,15_single_stream_none_seed20240926,20240926,single_stream,none,23,0.5333,0.053888888888888875,0.1
standard,15_single_stream_none_seed20240926,20240926,single_stream,none,24,0.5432,0.05377777777777776,0.1
standard,15_single_stream_none_seed20240926,20240926,single_stream,none,25,0.5493,0.05788888888888888,0.1
standard,15_single_stream_none_seed20240926,20240926,single_stream,none,26,0.5452,0.032,0.15
standard,15_single_stream_none_seed20240926,20240926,single_stream,none,27,0.5589,0.046888888888888876,0.1
standard,15_single_stream_none_seed20240926,20240926,single_stream,none,28,0.5679,0.04455555555555556,0.1
standard,15_single_stream_none_seed20240926,20240926,single_stream,none,29,0.5707,0.04088888888888888,0.1
standard,15_single_stream_none_seed20240926,20240926,single_stream,none,30,0.5776,0.03944444444444444,0.1
standard,16_ttfl_none_seed20240926,20240926,ttfl,none,1,0.2229,0.16844444444444448,0.0
standard,16_ttfl_none_seed20240926,20240926,ttfl,none,2,0.2625,0.1955555555555555,0.0
standard,16_ttfl_none_seed20240926,20240926,ttfl,none,3,0.2994,0.061666666666666654,0.0
standard,16_ttfl_none_seed20240926,20240926,ttfl,none,4,0.3213,0.137,0.0
standard,16_ttfl_none_seed20240926,20240926,ttfl,none,5,0.3476,0.07277777777777775,0.0
standard,16_ttfl_none_seed20240926,20240926,ttfl,none,6,0.3778000000000001,0.07988888888888888,0.0
standard,16_ttfl_none_seed20240926,20240926,ttfl,none,7,0.3874,0.07877777777777775,0.0
standard,16_ttfl_none_seed20240926,20240926,ttfl,none,8,0.412,0.08711111111111111,0.0
standard,16_ttfl_none_seed20240926,20240926,ttfl,none,9,0.4097,0.05588888888888888,0.0
standard,16_ttfl_none_seed20240926,20240926,ttfl,none,10,0.43,0.059,0.1
standard,16_ttfl_none_seed20240926,20240926,ttfl,none,11,0.4477,0.05377777777777776,0.1
standard,16_ttfl_none_seed20240926,20240926,ttfl,none,12,0.4509,0.07333333333333335,0.1
standard,16_ttfl_none_seed20240926,20240926,ttfl,none,13,0.4468,0.06244444444444447,0.1
standard,16_ttfl_none_seed20240926,20240926,ttfl,none,14,0.4609,0.066,0.1
standard,16_ttfl_none_seed20240926,20240926,ttfl,none,15,0.4784,0.07944444444444448,0.1
standard,16_ttfl_none_seed20240926,20240926,ttfl,none,16,0.4815,0.05988888888888888,0.1
standard,16_ttfl_none_seed20240926,20240926,ttfl,none,17,0.4929,0.05144444444444446,0.1
standard,16_ttfl_none_seed20240926,20240926,ttfl,none,18,0.4992,0.04944444444444445,0.1
standard,16_ttfl_none_seed20240926,20240926,ttfl,none,19,0.5099,0.05266666666666666,0.1
standard,16_ttfl_none_seed20240926,20240926,ttfl,none,20,0.5146,0.047555555555555545,0.1
standard,16_ttfl_none_seed20240926,20240926,ttfl,none,21,0.5284,0.04966666666666666,0.1
standard,16_ttfl_none_seed20240926,20240926,ttfl,none,22,0.5331,0.04388888888888888,0.1
standard,16_ttfl_none_seed20240926,20240926,ttfl,none,23,0.5366,0.04955555555555555,0.1
standard,16_ttfl_none_seed20240926,20240926,ttfl,none,24,0.5438,0.04911111111111112,0.1
standard,16_ttfl_none_seed20240926,20240926,ttfl,none,25,0.5467,0.05044444444444445,0.05
standard,16_ttfl_none_seed20240926,20240926,ttfl,none,26,0.5531,0.03777777777777776,0.05
standard,16_ttfl_none_seed20240926,20240926,ttfl,none,27,0.5561,0.03922222222222224,0.05
standard,16_ttfl_none_seed20240926,20240926,ttfl,none,28,0.5651,0.04088888888888888,0.05
standard,16_ttfl_none_seed20240926,20240926,ttfl,none,29,0.5724,0.04988888888888888,0.05
standard,16_ttfl_none_seed20240926,20240926,ttfl,none,30,0.5758,0.03811111111111112,0.05
standard,17_fedavg_backdoor_seed20240926,20240926,fedavg,backdoor,1,0.1754,0.46455555555555567,
standard,17_fedavg_backdoor_seed20240926,20240926,fedavg,backdoor,2,0.222,0.382222222222222,
standard,17_fedavg_backdoor_seed20240926,20240926,fedavg,backdoor,3,0.2551,0.33844444444444444,
standard,17_fedavg_backdoor_seed20240926,20240926,fedavg,backdoor,4,0.2673,0.33088888888888895,
standard,17_fedavg_backdoor_seed20240926,20240926,fedavg,backdoor,5,0.3063,0.263111111111111,
standard,17_fedavg_backdoor_seed20240926,20240926,fedavg,backdoor,6,0.3255,0.2656666666666666,
standard,17_fedavg_backdoor_seed20240926,20240926,fedavg,backdoor,7,0.3427,0.2352222222222221,
standard,17_fedavg_backdoor_seed20240926,20240926,fedavg,backdoor,8,0.3659,0.223111111111111,
standard,17_fedavg_backdoor_seed20240926,20240926,fedavg,backdoor,9,0.3681,0.20566666666666664,
standard,17_fedavg_backdoor_seed20240926,20240926,fedavg,backdoor,10,0.3977,0.17755555555555552,
standard,17_fedavg_backdoor_seed20240926,20240926,fedavg,backdoor,11,0.4106,0.168,
standard,17_fedavg_backdoor_seed20240926,20240926,fedavg,backdoor,12,0.4206,0.17033333333333328,
standard,17_fedavg_backdoor_seed20240926,20240926,fedavg,backdoor,13,0.432,0.1505555555555555,
standard,17_fedavg_backdoor_seed20240926,20240926,fedavg,backdoor,14,0.4335,0.15922222222222224,
standard,17_fedavg_backdoor_seed20240926,20240926,fedavg,backdoor,15,0.4487,0.17422222222222222,
standard,17_fedavg_backdoor_seed20240926,20240926,fedavg,backdoor,16,0.4602,0.1503333333333333,
standard,17_fedavg_backdoor_seed20240926,20240926,fedavg,backdoor,17,0.4718,0.12822222222222224,
standard,17_fedavg_backdoor_seed20240926,20240926,fedavg,backdoor,18,0.4743,0.1313333333333333,
standard,17_fedavg_backdoor_seed20240926,20240926,fedavg,backdoor,19,0.4878,0.11988888888888895,
standard,17_fedavg_backdoor_seed20240926,20240926,fedavg,backdoor,20,0.4932,0.11688888888888892,
standard,17_fedavg_backdoor_seed20240926,20240926,fedavg,backdoor,21,0.5011,0.117,
standard,17_fedavg_backdoor_seed20240926,20240926,fedavg,backdoor,22,0.5131,0.10566666666666667,
standard,17_fedavg_backdoor_seed20240926,20240926,fedavg,backdoor,23,0.5121,0.122,
standard,17_fedavg_backdoor_seed20240926,20240926,fedavg,backdoor,24,0.5171,0.11322222222222224,
standard,17_fedavg_backdoor_seed20240926,20240926,fedavg,backdoor,25,0.5222,0.11333333333333333,
standard,17_fedavg_backdoor_seed20240926,20240926,fedavg,backdoor,26,0.5291,0.08755555555555551,
standard,17_fedavg_backdoor_seed20240926,20240926,fedavg,backdoor,27,0.5298,0.10811111111111107,
standard,17_fedavg_backdoor_seed20240926,20240926,fedavg,backdoor,28,0.5411,0.09566666666666666,
standard,17_fedavg_backdoor_seed20240926,20240926,fedavg,backdoor,29,0.548,0.10144444444444449,
standard,17_fedavg_backdoor_seed20240926,20240926,fedavg,backdoor,30,0.5529,0.08500000000000002,
standard,18_fltrust_backdoor_seed20240926,20240926,fltrust,backdoor,1,0.2001,0.3635555555555555,
standard,18_fltrust_backdoor_seed20240926,20240926,fltrust,backdoor,2,0.2686,0.21577777777777785,
standard,18_fltrust_backdoor_seed20240926,20240926,fltrust,backdoor,3,0.296,0.08266666666666664,
standard,18_fltrust_backdoor_seed20240926,20240926,fltrust,backdoor,4,0.3271,0.2017777777777778,
standard,18_fltrust_backdoor_seed20240926,20240926,fltrust,backdoor,5,0.338,0.1525555555555555,
standard,18_fltrust_backdoor_seed20240926,20240926,fltrust,backdoor,6,0.3756,0.09055555555555551,
standard,18_fltrust_backdoor_seed20240926,20240926,fltrust,backdoor,7,0.3622,0.229,
standard,18_fltrust_backdoor_seed20240926,20240926,fltrust,backdoor,8,0.4053,0.07355555555555553,
standard,18_fltrust_backdoor_seed20240926,20240926,fltrust,backdoor,9,0.291,0.44577777777777794,
standard,18_fltrust_backdoor_seed20240926,20240926,fltrust,backdoor,10,0.4041,0.00788888888888889,
standard,18_fltrust_backdoor_seed20240926,20240926,fltrust,backdoor,11,0.3464,0.35877777777777786,
standard,18_fltrust_backdoor_seed20240926,20240926,fltrust,backdoor,12,0.4308,0.010444444444444438,
standard,18_fltrust_backdoor_seed20240926,20240926,fltrust,backdoor,13,0.3592,0.36222222222222206,
standard,18_fltrust_backdoor_seed20240926,20240926,fltrust,backdoor,14,0.4361,0.012555555555555561,
standard,18_fltrust_backdoor_seed20240926,20240926,fltrust,backdoor,15,0.3778000000000001,0.358888888888889,
standard,18_fltrust_backdoor_seed20240926,20240926,fltrust,backdoor,16,0.4549,0.009777777777777781,
standard,18_fltrust_backdoor_seed20240926,20240926,fltrust,backdoor,17,0.3907,0.35355555555555557,
standard,18_fltrust_backdoor_seed20240926,20240926,fltrust,backdoor,18,0.4629,0.007222222222222219,
standard,18_fltrust_backdoor_seed20240926,20240926,fltrust,backdoor,19,0.3953999999999999,0.36244444444444446,
standard,18_fltrust_backdoor_seed20240926,20240926,fltrust,backdoor,20,0.4745,0.0048888888888888905,
standard,18_fltrust_backdoor_seed20240926,20240926,fltrust,backdoor,21,0.4196,0.3254444444444445,
standard,18_fltrust_backdoor_seed20240926,20240926,fltrust,backdoor,22,0.5016,0.0048888888888888905,
standard,18_fltrust_backdoor_seed20240926,20240926,fltrust,backdoor,23,0.4245,0.34155555555555556,
standard,18_fltrust_backdoor_seed20240926,20240926,fltrust,backdoor,24,0.504,0.0058888888888888906,
standard,18_fltrust_backdoor_seed20240926,20240926,fltrust,backdoor,25,0.3922,0.41777777777777797,
standard,18_fltrust_backdoor_seed20240926,20240926,fltrust,backdoor,26,0.5136,0.004222222222222221,
standard,18_fltrust_backdoor_seed20240926,20240926,fltrust,backdoor,27,0.4238,0.37455555555555564,
standard,18_fltrust_backdoor_seed20240926,20240926,fltrust,backdoor,28,0.5263,0.00677777777777778,
standard,18_fltrust_backdoor_seed20240926,20240926,fltrust,backdoor,29,0.4673,0.29577777777777786,
standard,18_fltrust_backdoor_seed20240926,20240926,fltrust,backdoor,30,0.5289,0.007666666666666667,
standard,19_single_stream_backdoor_seed20240926,20240926,single_stream,backdoor,1,0.1878,0.4706666666666668,0.0
standard,19_single_stream_backdoor_seed20240926,20240926,single_stream,backdoor,2,0.2357,0.35544444444444445,0.0
standard,19_single_stream_backdoor_seed20240926,20240926,single_stream,backdoor,3,0.2655,0.0006666666666666669,0.21052631578947367
standard,19_single_stream_backdoor_seed20240926,20240926,single_stream,backdoor,4,0.3079,0.05144444444444446,0.3157894736842105
standard,19_single_stream_backdoor_seed20240926,20240926,single_stream,backdoor,5,0.3393,0.1746666666666667,0.2631578947368421
standard,19_single_stream_backdoor_seed20240926,20240926,single_stream,backdoor,6,0.3623,0.17244444444444448,0.21052631578947367
standard,19_single_stream_backdoor_seed20240926,20240926,single_stream,backdoor,7,0.386,0.049777777777777754,0.21052631578947367
standard,19_single_stream_backdoor_seed20240926,20240926,single_stream,backdoor,8,0.3852,0.18888888888888897,0.21052631578947367
standard,19_single_stream_backdoor_seed20240926,20240926,single_stream,backdoor,9,0.4049,0.13266666666666668,0.21052631578947367
standard,19_single_stream_backdoor_seed20240926,20240926,single_stream,backdoor,10,0.4269,0.13444444444444448,0.15789473684210525
standard,19_single_stream_backdoor_seed20240926,20240926,single_stream,backdoor,11,0.4344,0.12188888888888894,0.21052631578947367
standard,19_single_stream_backdoor_seed20240926,20240926,single_stream,backdoor,12,0.4471,0.14222222222222225,0.15789473684210525
standard,19_single_stream_backdoor_seed20240926,20240926,single_stream,backdoor,13,0.4524,0.11433333333333331,0.21052631578947367
standard,19_single_stream_backdoor_seed20240926,20240926,single_stream,backdoor,14,0.4579,0.122,0.15789473684210525
standard,19_single_stream_backdoor_seed20240926,20240926,single_stream,backdoor,15,0.4604,0.13277777777777774,0.10526315789473684
standard,19_single_stream_backdoor_seed20240926,20240926,single_stream,backdoor,16,0.4757,0.11111111111111108,0.21052631578947367
standard,19_single_stream_backdoor_seed20240926,20240926,single_stream,backdoor,17,0.4861,0.09533333333333334,0.10526315789473684
standard,19_single_stream_backdoor_seed20240926,20240926,single_stream,backdoor,18,0.4886,0.10066666666666665,0.21052631578947367
standard,19_single_stream_backdoor_seed20240926,20240926,single_stream,backdoor,19,0.5014,0.10244444444444449,0.15789473684210525
standard,19_single_stream_backdoor_seed20240926,20240926,single_stream,backdoor,20,0.5071,0.08855555555555551,0.10526315789473684
standard,19_single_stream_backdoor_seed20240926,20240926,single_stream,backdoor,21,0.513,0.1173333333333333,0.15789473684210525
standard,19_single_stream_backdoor_seed20240926,20240926,single_stream,backdoor,22,0.5244,0.07411111111111113,0.10526315789473684
standard,19_single_stream_backdoor_seed20240926,20240926,single_stream,backdoor,23,0.5183,0.10033333333333332,0.15789473684210525
standard,19_single_stream_backdoor_seed20240926,20240926,single_stream,backdoor,24,0.5264,0.11,0.15789473684210525
standard,19_single_stream_backdoor_seed20240926,20240926,single_stream,backdoor,25,0.5332,0.08666666666666666,0.10526315789473684
standard,19_single_stream_backdoor_seed20240926,20240926,single_stream,backdoor,26,0.5359,0.07277777777777775,0.21052631578947367
standard,19_single_stream_backdoor_seed20240926,20240926,single_stream,backdoor,27,0.5455,0.09233333333333334,0.05263157894736842
standard,19_single_stream_backdoor_seed20240926,20240926,single_stream,backdoor,28,0.5505,0.032444444444444435,0.10526315789473684
standard,19_single_stream_backdoor_seed20240926,20240926,single_stream,backdoor,29,0.5525,0.11133333333333334,0.15789473684210525
standard,19_single_stream_backdoor_seed20240926,20240926,single_stream,backdoor,30,0.5596,0.02766666666666667,0.10526315789473684
standard,20_ttfl_backdoor_seed20240926,20240926,ttfl,backdoor,1,0.18840000000000004,0.476,0.0
standard,20_ttfl_backdoor_seed20240926,20240926,ttfl,backdoor,2,0.2382,0.34655555555555556,0.0
standard,20_ttfl_backdoor_seed20240926,20240926,ttfl,backdoor,3,0.2816,0.2255555555555555,0.0
standard,20_ttfl_backdoor_seed20240926,20240926,ttfl,backdoor,4,0.2982,0.251888888888889,0.0
standard,20_ttfl_backdoor_seed20240926,20240926,ttfl,backdoor,5,0.3434,0.15611111111111103,0.0
standard,20_ttfl_backdoor_seed20240926,20240926,ttfl,backdoor,6,0.3661,0.1585555555555555,0.0
standard,20_ttfl_backdoor_seed20240926,20240926,ttfl,backdoor,7,0.3749,0.1635555555555555,0.0
standard,20_ttfl_backdoor_seed20240926,20240926,ttfl,backdoor,8,0.3958,0.15688888888888897,0.0
standard,20_ttfl_backdoor_seed20240926,20240926,ttfl,backdoor,9,0.4036,0.12922222222222224,0.0
standard,20_ttfl_backdoor_seed20240926,20240926,ttfl,backdoor,10,0.4215,0.14377777777777775,0.05263157894736842
standard,20_ttfl_backdoor_seed20240926,20240926,ttfl,backdoor,11,0.4387,0.11722222222222224,0.10526315789473684
standard,20_ttfl_backdoor_seed20240926,20240926,ttfl,backdoor,12,0.4449,0.12788888888888894,0.10526315789473684
standard,20_ttfl_backdoor_seed20240926,20240926,ttfl,backdoor,13,0.4527,0.10788888888888892,0.10526315789473684
standard,20_ttfl_backdoor_seed20240926,20240926,ttfl,backdoor,14,0.4504,0.13566666666666669,0.05263157894736842
standard,20_ttfl_backdoor_seed20240926,20240926,ttfl,backdoor,15,0.4633,0.155,0.05263157894736842
standard,20_ttfl_backdoor_seed20240926,20240926,ttfl,backdoor,16,0.4748,0.11855555555555551,0.05263157894736842
standard,20_ttfl_backdoor_seed20240926,20240926,ttfl,backdoor,17,0.4871,0.08699999999999998,0.10526315789473684
standard,20_ttfl_backdoor_seed20240926,20240926,ttfl,backdoor,18,0.4943,0.09766666666666667,0.10526315789473684
standard,20_ttfl_backdoor_seed20240926,20240926,ttfl,backdoor,19,0.5005,0.0911111111111111,0.10526315789473684
standard,20_ttfl_backdoor_seed20240926,20240926,ttfl,backdoor,20,0.5072,0.09866666666666667,0.05263157894736842
standard,20_ttfl_backdoor_seed20240926,20240926,ttfl,backdoor,21,0.5155,0.1008888888888889,0.05263157894736842
standard,20_ttfl_backdoor_seed20240926,20240926,ttfl,backdoor,22,0.523,0.08422222222222224,0.05263157894736842
standard,20_ttfl_backdoor_seed20240926,20240926,ttfl,backdoor,23,0.524,0.09455555555555552,0.05263157894736842
standard,20_ttfl_backdoor_seed20240926,20240926,ttfl,backdoor,24,0.5331,0.09344444444444448,0.05263157894736842
standard,20_ttfl_backdoor_seed20240926,20240926,ttfl,backdoor,25,0.5365,0.09288888888888891,0.05263157894736842
standard,20_ttfl_backdoor_seed20240926,20240926,ttfl,backdoor,26,0.5417,0.07111111111111112,0.05263157894736842
standard,20_ttfl_backdoor_seed20240926,20240926,ttfl,backdoor,27,0.545,0.08344444444444449,0.05263157894736842
standard,20_ttfl_backdoor_seed20240926,20240926,ttfl,backdoor,28,0.5531,0.07733333333333335,0.05263157894736842
standard,20_ttfl_backdoor_seed20240926,20240926,ttfl,backdoor,29,0.5642,0.07966666666666664,0.05263157894736842
standard,20_ttfl_backdoor_seed20240926,20240926,ttfl,backdoor,30,0.5649,0.06288888888888888,0.05263157894736842
standard,21_fedavg_delayed_backdoor_seed20240926,20240926,fedavg,delayed_backdoor,1,0.2036,0.14877777777777776,
standard,21_fedavg_delayed_backdoor_seed20240926,20240926,fedavg,delayed_backdoor,2,0.2595,0.17422222222222222,
standard,21_fedavg_delayed_backdoor_seed20240926,20240926,fedavg,delayed_backdoor,3,0.2893,0.07511111111111113,
standard,21_fedavg_delayed_backdoor_seed20240926,20240926,fedavg,delayed_backdoor,4,0.3144,0.13588888888888895,
standard,21_fedavg_delayed_backdoor_seed20240926,20240926,fedavg,delayed_backdoor,5,0.3413,0.07377777777777775,
standard,21_fedavg_delayed_backdoor_seed20240926,20240926,fedavg,delayed_backdoor,6,0.3623,0.10555555555555551,
standard,21_fedavg_delayed_backdoor_seed20240926,20240926,fedavg,delayed_backdoor,7,0.3763000000000001,0.09377777777777775,
standard,21_fedavg_delayed_backdoor_seed20240926,20240926,fedavg,delayed_backdoor,8,0.4050000000000001,0.095,
standard,21_fedavg_delayed_backdoor_seed20240926,20240926,fedavg,delayed_backdoor,9,0.4009,0.076,
standard,21_fedavg_delayed_backdoor_seed20240926,20240926,fedavg,delayed_backdoor,10,0.4292,0.06722222222222224,
standard,21_fedavg_delayed_backdoor_seed20240926,20240926,fedavg,delayed_backdoor,11,0.4103,0.19566666666666666,
standard,21_fedavg_delayed_backdoor_seed20240926,20240926,fedavg,delayed_backdoor,12,0.4291,0.15588888888888897,
standard,21_fedavg_delayed_backdoor_seed20240926,20240926,fedavg,delayed_backdoor,13,0.4337,0.1574444444444445,
standard,21_fedavg_delayed_backdoor_seed20240926,20240926,fedavg,delayed_backdoor,14,0.4365,0.153,
standard,21_fedavg_delayed_backdoor_seed20240926,20240926,fedavg,delayed_backdoor,15,0.4515,0.16733333333333328,
standard,21_fedavg_delayed_backdoor_seed20240926,20240926,fedavg,delayed_backdoor,16,0.4626,0.1486666666666667,
standard,21_fedavg_delayed_backdoor_seed20240926,20240926,fedavg,delayed_backdoor,17,0.4729,0.12622222222222224,
standard,21_fedavg_delayed_backdoor_seed20240926,20240926,fedavg,delayed_backdoor,18,0.4806,0.12777777777777777,
standard,21_fedavg_delayed_backdoor_seed20240926,20240926,fedavg,delayed_backdoor,19,0.4903,0.11688888888888892,
standard,21_fedavg_delayed_backdoor_seed20240926,20240926,fedavg,delayed_backdoor,20,0.4939,0.11911111111111106,
standard,21_fedavg_delayed_backdoor_seed20240926,20240926,fedavg,delayed_backdoor,21,0.5054,0.11177777777777775,
standard,21_fedavg_delayed_backdoor_seed20240926,20240926,fedavg,delayed_backdoor,22,0.5169,0.1001111111111111,
standard,21_fedavg_delayed_backdoor_seed20240926,20240926,fedavg,delayed_backdoor,23,0.5169,0.11144444444444448,
standard,21_fedavg_delayed_backdoor_seed20240926,20240926,fedavg,delayed_backdoor,24,0.5196,0.11511111111111108,
standard,21_fedavg_delayed_backdoor_seed20240926,20240926,fedavg,delayed_backdoor,25,0.527,0.11144444444444448,
standard,21_fedavg_delayed_backdoor_seed20240926,20240926,fedavg,delayed_backdoor,26,0.5357,0.07755555555555552,
standard,21_fedavg_delayed_backdoor_seed20240926,20240926,fedavg,delayed_backdoor,27,0.5336,0.10766666666666666,
standard,21_fedavg_delayed_backdoor_seed20240926,20240926,fedavg,delayed_backdoor,28,0.545,0.09533333333333334,
standard,21_fedavg_delayed_backdoor_seed20240926,20240926,fedavg,delayed_backdoor,29,0.55,0.10755555555555552,
standard,21_fedavg_delayed_backdoor_seed20240926,20240926,fedavg,delayed_backdoor,30,0.5581,0.08555555555555551,
standard,22_fltrust_delayed_backdoor_seed20240926,20240926,fltrust,delayed_backdoor,1,0.2212,0.1583333333333333,
standard,22_fltrust_delayed_backdoor_seed20240926,20240926,fltrust,delayed_backdoor,2,0.2752,0.11722222222222224,
standard,22_fltrust_delayed_backdoor_seed20240926,20240926,fltrust,delayed_backdoor,3,0.2916,0.02866666666666667,
standard,22_fltrust_delayed_backdoor_seed20240926,20240926,fltrust,delayed_backdoor,4,0.3408,0.099,
standard,22_fltrust_delayed_backdoor_seed20240926,20240926,fltrust,delayed_backdoor,5,0.3444,0.06055555555555553,
standard,22_fltrust_delayed_backdoor_seed20240926,20240926,fltrust,delayed_backdoor,6,0.3802,0.07755555555555552,
standard,22_fltrust_delayed_backdoor_seed20240926,20240926,fltrust,delayed_backdoor,7,0.3835,0.08611111111111111,
standard,22_fltrust_delayed_backdoor_seed20240926,20240926,fltrust,delayed_backdoor,8,0.4098,0.09733333333333333,
standard,22_fltrust_delayed_backdoor_seed20240926,20240926,fltrust,delayed_backdoor,9,0.3953,0.09088888888888888,
standard,22_fltrust_delayed_backdoor_seed20240926,20240926,fltrust,delayed_backdoor,10,0.4216,0.06311111111111112,
standard,22_fltrust_delayed_backdoor_seed20240926,20240926,fltrust,delayed_backdoor,11,0.3253,0.33977777777777796,
standard,22_fltrust_delayed_backdoor_seed20240926,20240926,fltrust,delayed_backdoor,12,0.4207,0.015,
standard,22_fltrust_delayed_backdoor_seed20240926,20240926,fltrust,delayed_backdoor,13,0.3386,0.383888888888889,
standard,22_fltrust_delayed_backdoor_seed20240926,20240926,fltrust,delayed_backdoor,14,0.4323,0.008777777777777782,
standard,22_fltrust_delayed_backdoor_seed20240926,20240926,fltrust,delayed_backdoor,15,0.3906,0.338,
standard,22_fltrust_delayed_backdoor_seed20240926,20240926,fltrust,delayed_backdoor,16,0.449,0.009222222222222218,
standard,22_fltrust_delayed_backdoor_seed20240926,20240926,fltrust,delayed_backdoor,17,0.39,0.36111111111111105,
standard,22_fltrust_delayed_backdoor_seed20240926,20240926,fltrust,delayed_backdoor,18,0.4697,0.00855555555555556,
standard,22_fltrust_delayed_backdoor_seed20240926,20240926,fltrust,delayed_backdoor,19,0.4036,0.33688888888888896,
standard,22_fltrust_delayed_backdoor_seed20240926,20240926,fltrust,delayed_backdoor,20,0.4783,0.006444444444444442,
standard,22_fltrust_delayed_backdoor_seed20240926,20240926,fltrust,delayed_backdoor,21,0.4184,0.3253333333333334,
standard,22_fltrust_delayed_backdoor_seed20240926,20240926,fltrust,delayed_backdoor,22,0.4975,0.0048888888888888905,
standard,22_fltrust_delayed_backdoor_seed20240926,20240926,fltrust,delayed_backdoor,23,0.4347,0.31655555555555553,
standard,22_fltrust_delayed_backdoor_seed20240926,20240926,fltrust,delayed_backdoor,24,0.504,0.005555555555555556,
standard,22_fltrust_delayed_backdoor_seed20240926,20240926,fltrust,delayed_backdoor,25,0.4194,0.35722222222222205,
standard,22_fltrust_delayed_backdoor_seed20240926,20240926,fltrust,delayed_backdoor,26,0.5108,0.004333333333333334,
standard,22_fltrust_delayed_backdoor_seed20240926,20240926,fltrust,delayed_backdoor,27,0.4334,0.35555555555555557,
standard,22_fltrust_delayed_backdoor_seed20240926,20240926,fltrust,delayed_backdoor,28,0.5225,0.006222222222222219,
standard,22_fltrust_delayed_backdoor_seed20240926,20240926,fltrust,delayed_backdoor,29,0.4797,0.2752222222222221,
standard,22_fltrust_delayed_backdoor_seed20240926,20240926,fltrust,delayed_backdoor,30,0.5274,0.005777777777777781,
standard,23_single_stream_delayed_backdoor_seed20240926,20240926,single_stream,delayed_backdoor,1,0.2184,0.17455555555555552,0.0
standard,23_single_stream_delayed_backdoor_seed20240926,20240926,single_stream,delayed_backdoor,2,0.2618,0.2002222222222222,0.0
standard,23_single_stream_delayed_backdoor_seed20240926,20240926,single_stream,delayed_backdoor,3,0.2739,0.004666666666666665,0.15789473684210525
standard,23_single_stream_delayed_backdoor_seed20240926,20240926,single_stream,delayed_backdoor,4,0.3105,0.04366666666666667,0.2631578947368421
standard,23_single_stream_delayed_backdoor_seed20240926,20240926,single_stream,delayed_backdoor,5,0.3523,0.03533333333333333,0.21052631578947367
standard,23_single_stream_delayed_backdoor_seed20240926,20240926,single_stream,delayed_backdoor,6,0.3715,0.05711111111111112,0.21052631578947367
standard,23_single_stream_delayed_backdoor_seed20240926,20240926,single_stream,delayed_backdoor,7,0.3836,0.04366666666666667,0.2631578947368421
standard,23_single_stream_delayed_backdoor_seed20240926,20240926,single_stream,delayed_backdoor,8,0.4108,0.06877777777777774,0.21052631578947367
standard,23_single_stream_delayed_backdoor_seed20240926,20240926,single_stream,delayed_backdoor,9,0.4001,0.075,0.15789473684210525
standard,23_single_stream_delayed_backdoor_seed20240926,20240926,single_stream,delayed_backdoor,10,0.4396,0.05099999999999999,0.15789473684210525
standard,23_single_stream_delayed_backdoor_seed20240926,20240926,single_stream,delayed_backdoor,11,0.3942,0.26688888888888895,0.10526315789473684
standard,23_single_stream_delayed_backdoor_seed20240926,20240926,single_stream,delayed_backdoor,12,0.4421,0.15688888888888897,0.15789473684210525
standard,23_single_stream_delayed_backdoor_seed20240926,20240926,single_stream,delayed_backdoor,13,0.4482,0.1406666666666667,0.21052631578947367
standard,23_single_stream_delayed_backdoor_seed20240926,20240926,single_stream,delayed_backdoor,14,0.4556,0.13988888888888895,0.15789473684210525
standard,23_single_stream_delayed_backdoor_seed20240926,20240926,single_stream,delayed_backdoor,15,0.4623,0.13322222222222224,0.10526315789473684
standard,23_single_stream_delayed_backdoor_seed20240926,20240926,single_stream,delayed_backdoor,16,0.4802,0.11022222222222225,0.21052631578947367
standard,23_single_stream_delayed_backdoor_seed20240926,20240926,single_stream,delayed_backdoor,17,0.4855,0.1021111111111111,0.15789473684210525
standard,23_single_stream_delayed_backdoor_seed20240926,20240926,single_stream,delayed_backdoor,18,0.4936,0.10655555555555551,0.15789473684210525
standard,23_single_stream_delayed_backdoor_seed20240926,20240926,single_stream,delayed_backdoor,19,0.5046,0.09177777777777775,0.21052631578947367
standard,23_single_stream_delayed_backdoor_seed20240926,20240926,single_stream,delayed_backdoor,20,0.5129,0.02944444444444444,0.15789473684210525
standard,23_single_stream_delayed_backdoor_seed20240926,20240926,single_stream,delayed_backdoor,21,0.5266,0.045,0.15789473684210525
standard,23_single_stream_delayed_backdoor_seed20240926,20240926,single_stream,delayed_backdoor,22,0.5315,0.05044444444444445,0.10526315789473684
standard,23_single_stream_delayed_backdoor_seed20240926,20240926,single_stream,delayed_backdoor,23,0.5326,0.06288888888888888,0.10526315789473684
standard,23_single_stream_delayed_backdoor_seed20240926,20240926,single_stream,delayed_backdoor,24,0.5391,0.042444444444444444,0.15789473684210525
standard,23_single_stream_delayed_backdoor_seed20240926,20240926,single_stream,delayed_backdoor,25,0.5431,0.059,0.10526315789473684
standard,23_single_stream_delayed_backdoor_seed20240926,20240926,single_stream,delayed_backdoor,26,0.5497,0.04477777777777776,0.10526315789473684
standard,23_single_stream_delayed_backdoor_seed20240926,20240926,single_stream,delayed_backdoor,27,0.5514,0.03733333333333332,0.10526315789473684
standard,23_single_stream_delayed_backdoor_seed20240926,20240926,single_stream,delayed_backdoor,28,0.5537,0.10477777777777776,0.10526315789473684
standard,23_single_stream_delayed_backdoor_seed20240926,20240926,single_stream,delayed_backdoor,29,0.5722,0.037,0.10526315789473684
standard,23_single_stream_delayed_backdoor_seed20240926,20240926,single_stream,delayed_backdoor,30,0.564,0.093,0.10526315789473684
standard,24_ttfl_delayed_backdoor_seed20240926,20240926,ttfl,delayed_backdoor,1,0.2204,0.16922222222222222,0.0
standard,24_ttfl_delayed_backdoor_seed20240926,20240926,ttfl,delayed_backdoor,2,0.2666,0.192,0.0
standard,24_ttfl_delayed_backdoor_seed20240926,20240926,ttfl,delayed_backdoor,3,0.2924,0.05911111111111112,0.0
standard,24_ttfl_delayed_backdoor_seed20240926,20240926,ttfl,delayed_backdoor,4,0.3293,0.1234444444444445,0.0
standard,24_ttfl_delayed_backdoor_seed20240926,20240926,ttfl,delayed_backdoor,5,0.3497,0.06766666666666665,0.0
standard,24_ttfl_delayed_backdoor_seed20240926,20240926,ttfl,delayed_backdoor,6,0.3777,0.07322222222222224,0.0
standard,24_ttfl_delayed_backdoor_seed20240926,20240926,ttfl,delayed_backdoor,7,0.3873,0.07655555555555552,0.0
standard,24_ttfl_delayed_backdoor_seed20240926,20240926,ttfl,delayed_backdoor,8,0.4147,0.08244444444444449,0.0
standard,24_ttfl_delayed_backdoor_seed20240926,20240926,ttfl,delayed_backdoor,9,0.4092,0.055111111111111125,0.10526315789473684
standard,24_ttfl_delayed_backdoor_seed20240926,20240926,ttfl,delayed_backdoor,10,0.4309,0.051222222222222245,0.10526315789473684
standard,24_ttfl_delayed_backdoor_seed20240926,20240926,ttfl,delayed_backdoor,11,0.3998,0.2464444444444445,0.10526315789473684
standard,24_ttfl_delayed_backdoor_seed20240926,20240926,ttfl,delayed_backdoor,12,0.4354,0.17233333333333328,0.05263157894736842
standard,24_ttfl_delayed_backdoor_seed20240926,20240926,ttfl,delayed_backdoor,13,0.4477,0.14277777777777775,0.05263157894736842
standard,24_ttfl_delayed_backdoor_seed20240926,20240926,ttfl,delayed_backdoor,14,0.456,0.1343333333333333,0.05263157894736842
standard,24_ttfl_delayed_backdoor_seed20240926,20240926,ttfl,delayed_backdoor,15,0.4639,0.14811111111111103,0.05263157894736842
standard,24_ttfl_delayed_backdoor_seed20240926,20240926,ttfl,delayed_backdoor,16,0.48,0.1193333333333333,0.05263157894736842
standard,24_ttfl_delayed_backdoor_seed20240926,20240926,ttfl,delayed_backdoor,17,0.4887,0.088,0.05263157894736842
standard,24_ttfl_delayed_backdoor_seed20240926,20240926,ttfl,delayed_backdoor,18,0.4974,0.094,0.05263157894736842
standard,24_ttfl_delayed_backdoor_seed20240926,20240926,ttfl,delayed_backdoor,19,0.5077,0.0898888888888889,0.05263157894736842
standard,24_ttfl_delayed_backdoor_seed20240926,20240926,ttfl,delayed_backdoor,20,0.5111,0.08211111111111111,0.05263157894736842
standard,24_ttfl_delayed_backdoor_seed20240926,20240926,ttfl,delayed_backdoor,21,0.5188,0.09511111111111109,0.05263157894736842
standard,24_ttfl_delayed_backdoor_seed20240926,20240926,ttfl,delayed_backdoor,22,0.5247,0.08133333333333335,0.05263157894736842
standard,24_ttfl_delayed_backdoor_seed20240926,20240926,ttfl,delayed_backdoor,23,0.525,0.09455555555555552,0.05263157894736842
standard,24_ttfl_delayed_backdoor_seed20240926,20240926,ttfl,delayed_backdoor,24,0.5337,0.08833333333333333,0.05263157894736842
standard,24_ttfl_delayed_backdoor_seed20240926,20240926,ttfl,delayed_backdoor,25,0.5396,0.08055555555555553,0.05263157894736842
standard,24_ttfl_delayed_backdoor_seed20240926,20240926,ttfl,delayed_backdoor,26,0.5467,0.059,0.05263157894736842
standard,24_ttfl_delayed_backdoor_seed20240926,20240926,ttfl,delayed_backdoor,27,0.5487,0.06588888888888887,0.05263157894736842
standard,24_ttfl_delayed_backdoor_seed20240926,20240926,ttfl,delayed_backdoor,28,0.5604,0.05677777777777775,0.05263157894736842
standard,24_ttfl_delayed_backdoor_seed20240926,20240926,ttfl,delayed_backdoor,29,0.5687,0.06077777777777776,0.05263157894736842
standard,24_ttfl_delayed_backdoor_seed20240926,20240926,ttfl,delayed_backdoor,30,0.5703,0.04433333333333333,0.05263157894736842
known_trigger,1_single_stream_none_seed20240925,20240925,single_stream,none,1,0.1638,0.07033333333333334,0.05
known_trigger,1_single_stream_none_seed20240925,20240925,single_stream,none,2,0.2476,0.04777777777777775,0.15
known_trigger,1_single_stream_none_seed20240925,20240925,single_stream,none,3,0.2689,0.004666666666666665,0.25
known_trigger,1_single_stream_none_seed20240925,20240925,single_stream,none,4,0.3047,0.011555555555555562,0.3
known_trigger,1_single_stream_none_seed20240925,20240925,single_stream,none,5,0.3365,0.055111111111111125,0.35
known_trigger,1_single_stream_none_seed20240925,20240925,single_stream,none,6,0.3555,0.036888888888888874,0.25
known_trigger,1_single_stream_none_seed20240925,20240925,single_stream,none,7,0.3724,0.04944444444444445,0.3
known_trigger,1_single_stream_none_seed20240925,20240925,single_stream,none,8,0.3951,0.057,0.3
known_trigger,1_single_stream_none_seed20240925,20240925,single_stream,none,9,0.3862999999999999,0.029888888888888878,0.35
known_trigger,1_single_stream_none_seed20240925,20240925,single_stream,none,10,0.4146,0.030222222222222234,0.3
known_trigger,1_single_stream_none_seed20240925,20240925,single_stream,none,11,0.4041,0.048,0.35
known_trigger,1_single_stream_none_seed20240925,20240925,single_stream,none,12,0.4302,0.06033333333333335,0.3
known_trigger,1_single_stream_none_seed20240925,20240925,single_stream,none,13,0.4079,0.04233333333333332,0.4
known_trigger,1_single_stream_none_seed20240925,20240925,single_stream,none,14,0.4542,0.03855555555555556,0.3
known_trigger,1_single_stream_none_seed20240925,20240925,single_stream,none,15,0.4546,0.058222222222222245,0.4
known_trigger,1_single_stream_none_seed20240925,20240925,single_stream,none,16,0.4639,0.035,0.2
known_trigger,1_single_stream_none_seed20240925,20240925,single_stream,none,17,0.4688,0.04666666666666667,0.25
known_trigger,1_single_stream_none_seed20240925,20240925,single_stream,none,18,0.482,0.03388888888888888,0.25
known_trigger,1_single_stream_none_seed20240925,20240925,single_stream,none,19,0.4818,0.04166666666666668,0.3
known_trigger,1_single_stream_none_seed20240925,20240925,single_stream,none,20,0.503,0.034,0.25
known_trigger,1_single_stream_none_seed20240925,20240925,single_stream,none,21,0.5127,0.03488888888888887,0.35
known_trigger,1_single_stream_none_seed20240925,20240925,single_stream,none,22,0.5205,0.03855555555555556,0.3
known_trigger,1_single_stream_none_seed20240925,20240925,single_stream,none,23,0.5185,0.039333333333333324,0.25
known_trigger,1_single_stream_none_seed20240925,20240925,single_stream,none,24,0.5106,0.037,0.3
known_trigger,1_single_stream_none_seed20240925,20240925,single_stream,none,25,0.5454,0.04577777777777776,0.25
known_trigger,1_single_stream_none_seed20240925,20240925,single_stream,none,26,0.5327,0.024888888888888877,0.2
known_trigger,1_single_stream_none_seed20240925,20240925,single_stream,none,27,0.5496,0.033333333333333326,0.2
known_trigger,1_single_stream_none_seed20240925,20240925,single_stream,none,28,0.5396,0.04111111111111112,0.3
known_trigger,1_single_stream_none_seed20240925,20240925,single_stream,none,29,0.5666,0.02644444444444444,0.2
known_trigger,1_single_stream_none_seed20240925,20240925,single_stream,none,30,0.5617,0.021777777777777778,0.2
known_trigger,2_ttfl_none_seed20240925,20240925,ttfl,none,1,0.1688,0.12677777777777777,0.0
known_trigger,2_ttfl_none_seed20240925,20240925,ttfl,none,2,0.2443,0.043555555555555556,0.05
known_trigger,2_ttfl_none_seed20240925,20240925,ttfl,none,3,0.2766,0.02655555555555556,0.1
known_trigger,2_ttfl_none_seed20240925,20240925,ttfl,none,4,0.3122,0.03488888888888887,0.1
known_trigger,2_ttfl_none_seed20240925,20240925,ttfl,none,5,0.3316,0.057444444444444465,0.1
known_trigger,2_ttfl_none_seed20240925,20240925,ttfl,none,6,0.3535,0.030444444444444437,0.15
known_trigger,2_ttfl_none_seed20240925,20240925,ttfl,none,7,0.3661,0.030777777777777765,0.15
known_trigger,2_ttfl_none_seed20240925,20240925,ttfl,none,8,0.3871,0.038888888888888876,0.15
known_trigger,2_ttfl_none_seed20240925,20240925,ttfl,none,9,0.3961,0.02766666666666667,0.2
known_trigger,2_ttfl_none_seed20240925,20240925,ttfl,none,10,0.4019,0.025,0.2
known_trigger,2_ttfl_none_seed20240925,20240925,ttfl,none,11,0.4106,0.04411111111111112,0.2
known_trigger,2_ttfl_none_seed20240925,20240925,ttfl,none,12,0.4235,0.04533333333333333,0.2
known_trigger,2_ttfl_none_seed20240925,20240925,ttfl,none,13,0.4206,0.032111111111111125,0.2
known_trigger,2_ttfl_none_seed20240925,20240925,ttfl,none,14,0.4421,0.02533333333333333,0.2
known_trigger,2_ttfl_none_seed20240925,20240925,ttfl,none,15,0.4585,0.04122222222222224,0.2
known_trigger,2_ttfl_none_seed20240925,20240925,ttfl,none,16,0.4513,0.035,0.2
known_trigger,2_ttfl_none_seed20240925,20240925,ttfl,none,17,0.4533,0.04122222222222224,0.2
known_trigger,2_ttfl_none_seed20240925,20240925,ttfl,none,18,0.4675,0.02766666666666667,0.2
known_trigger,2_ttfl_none_seed20240925,20240925,ttfl,none,19,0.4863,0.04622222222222225,0.25
known_trigger,2_ttfl_none_seed20240925,20240925,ttfl,none,20,0.4945,0.03377777777777777,0.25
known_trigger,2_ttfl_none_seed20240925,20240925,ttfl,none,21,0.5123,0.037555555555555564,0.25
known_trigger,2_ttfl_none_seed20240925,20240925,ttfl,none,22,0.5084,0.03055555555555556,0.25
known_trigger,2_ttfl_none_seed20240925,20240925,ttfl,none,23,0.5159,0.04022222222222224,0.25
known_trigger,2_ttfl_none_seed20240925,20240925,ttfl,none,24,0.5197,0.04122222222222224,0.25
known_trigger,2_ttfl_none_seed20240925,20240925,ttfl,none,25,0.5343,0.04311111111111112,0.25
known_trigger,2_ttfl_none_seed20240925,20240925,ttfl,none,26,0.536,0.029888888888888878,0.25
known_trigger,2_ttfl_none_seed20240925,20240925,ttfl,none,27,0.5418,0.03955555555555556,0.25
known_trigger,2_ttfl_none_seed20240925,20240925,ttfl,none,28,0.5469,0.05033333333333333,0.25
known_trigger,2_ttfl_none_seed20240925,20240925,ttfl,none,29,0.5576,0.02444444444444444,0.2
known_trigger,2_ttfl_none_seed20240925,20240925,ttfl,none,30,0.5552,0.019111111111111117,0.2
known_trigger,3_single_stream_backdoor_seed20240925,20240925,single_stream,backdoor,1,0.1747,0.2547777777777779,0.05263157894736842
known_trigger,3_single_stream_backdoor_seed20240925,20240925,single_stream,backdoor,2,0.2396,0.02288888888888888,0.15789473684210525
known_trigger,3_single_stream_backdoor_seed20240925,20240925,single_stream,backdoor,3,0.2618,0.0058888888888888906,0.2631578947368421
known_trigger,3_single_stream_backdoor_seed20240925,20240925,single_stream,backdoor,4,0.3037,0.012888888888888884,0.2631578947368421
known_trigger,3_single_stream_backdoor_seed20240925,20240925,single_stream,backdoor,5,0.3309000000000001,0.028,0.3157894736842105
known_trigger,3_single_stream_backdoor_seed20240925,20240925,single_stream,backdoor,6,0.3443,0.032333333333333325,0.2631578947368421
known_trigger,3_single_stream_backdoor_seed20240925,20240925,single_stream,backdoor,7,0.3557,0.021222222222222222,0.3157894736842105
known_trigger,3_single_stream_backdoor_seed20240925,20240925,single_stream,backdoor,8,0.3873,0.03944444444444444,0.3157894736842105
known_trigger,3_single_stream_backdoor_seed20240925,20240925,single_stream,backdoor,9,0.3731,0.02677777777777777,0.42105263157894735
known_trigger,3_single_stream_backdoor_seed20240925,20240925,single_stream,backdoor,10,0.4079999999999999,0.032111111111111125,0.2631578947368421
known_trigger,3_single_stream_backdoor_seed20240925,20240925,single_stream,backdoor,11,0.3972,0.04477777777777776,0.3684210526315789
known_trigger,3_single_stream_backdoor_seed20240925,20240925,single_stream,backdoor,12,0.4152,0.049,0.3684210526315789
known_trigger,3_single_stream_backdoor_seed20240925,20240925,single_stream,backdoor,13,0.4354,0.04022222222222224,0.3157894736842105
known_trigger,3_single_stream_backdoor_seed20240925,20240925,single_stream,backdoor,14,0.4445,0.030222222222222234,0.3157894736842105
known_trigger,3_single_stream_backdoor_seed20240925,20240925,single_stream,backdoor,15,0.4462,0.044444444444444446,0.42105263157894735
known_trigger,3_single_stream_backdoor_seed20240925,20240925,single_stream,backdoor,16,0.459,0.039666666666666676,0.3684210526315789
known_trigger,3_single_stream_backdoor_seed20240925,20240925,single_stream,backdoor,17,0.4282,0.04577777777777776,0.5263157894736842
known_trigger,3_single_stream_backdoor_seed20240925,20240925,single_stream,backdoor,18,0.4621,0.03277777777777777,0.47368421052631576
known_trigger,3_single_stream_backdoor_seed20240925,20240925,single_stream,backdoor,19,0.4576,0.04844444444444445,0.5789473684210527
known_trigger,3_single_stream_backdoor_seed20240925,20240925,single_stream,backdoor,20,0.4009,0.029666666666666675,0.7368421052631579
known_trigger,3_single_stream_backdoor_seed20240925,20240925,single_stream,backdoor,21,0.4865,0.033444444444444436,0.631578947368421
known_trigger,3_single_stream_backdoor_seed20240925,20240925,single_stream,backdoor,22,0.4378,0.023222222222222227,0.631578947368421
known_trigger,3_single_stream_backdoor_seed20240925,20240925,single_stream,backdoor,23,0.4622,0.017,0.631578947368421
known_trigger,3_single_stream_backdoor_seed20240925,20240925,single_stream,backdoor,24,0.3705,0.01811111111111112,0.8421052631578947
known_trigger,3_single_stream_backdoor_seed20240925,20240925,single_stream,backdoor,25,0.4641,0.024777777777777774,0.6842105263157895
known_trigger,3_single_stream_backdoor_seed20240925,20240925,single_stream,backdoor,26,0.4053,0.009777777777777781,0.7894736842105263
known_trigger,3_single_stream_backdoor_seed20240925,20240925,single_stream,backdoor,27,0.3978,0.00933333333333333,0.7894736842105263
known_trigger,3_single_stream_backdoor_seed20240925,20240925,single_stream,backdoor,28,0.4417,0.03,0.8421052631578947
known_trigger,3_single_stream_backdoor_seed20240925,20240925,single_stream,backdoor,29,0.3527,0.0005555555555555557,0.8421052631578947
known_trigger,3_single_stream_backdoor_seed20240925,20240925,single_stream,backdoor,30,0.4274,0.07133333333333335,0.8421052631578947
known_trigger,4_ttfl_backdoor_seed20240925,20240925,ttfl,backdoor,1,0.1746,0.325,0.0
known_trigger,4_ttfl_backdoor_seed20240925,20240925,ttfl,backdoor,2,0.2175,0.19766666666666663,0.05263157894736842
known_trigger,4_ttfl_backdoor_seed20240925,20240925,ttfl,backdoor,3,0.2747,0.017666666666666664,0.10526315789473684
known_trigger,4_ttfl_backdoor_seed20240925,20240925,ttfl,backdoor,4,0.3054,0.03766666666666668,0.10526315789473684
known_trigger,4_ttfl_backdoor_seed20240925,20240925,ttfl,backdoor,5,0.3295,0.05333333333333334,0.10526315789473684
known_trigger,4_ttfl_backdoor_seed20240925,20240925,ttfl,backdoor,6,0.3425000000000001,0.047,0.10526315789473684
known_trigger,4_ttfl_backdoor_seed20240925,20240925,ttfl,backdoor,7,0.3609,0.04677777777777776,0.10526315789473684
known_trigger,4_ttfl_backdoor_seed20240925,20240925,ttfl,backdoor,8,0.3769,0.05233333333333334,0.10526315789473684
known_trigger,4_ttfl_backdoor_seed20240925,20240925,ttfl,backdoor,9,0.3862,0.027555555555555562,0.15789473684210525
known_trigger,4_ttfl_backdoor_seed20240925,20240925,ttfl,backdoor,10,0.3978,0.021222222222222222,0.2631578947368421
known_trigger,4_ttfl_backdoor_seed20240925,20240925,ttfl,backdoor,11,0.3968999999999999,0.03411111111111112,0.2631578947368421
known_trigger,4_ttfl_backdoor_seed20240925,20240925,ttfl,backdoor,12,0.4115,0.03433333333333333,0.2631578947368421
known_trigger,4_ttfl_backdoor_seed20240925,20240925,ttfl,backdoor,13,0.4103,0.025888888888888878,0.2631578947368421
known_trigger,4_ttfl_backdoor_seed20240925,20240925,ttfl,backdoor,14,0.4344,0.030111111111111123,0.21052631578947367
known_trigger,4_ttfl_backdoor_seed20240925,20240925,ttfl,backdoor,15,0.4443,0.03577777777777776,0.2631578947368421
known_trigger,4_ttfl_backdoor_seed20240925,20240925,ttfl,backdoor,16,0.4322,0.027555555555555562,0.2631578947368421
known_trigger,4_ttfl_backdoor_seed20240925,20240925,ttfl,backdoor,17,0.4328,0.032333333333333325,0.2631578947368421
known_trigger,4_ttfl_backdoor_seed20240925,20240925,ttfl,backdoor,18,0.4481,0.01988888888888888,0.2631578947368421
known_trigger,4_ttfl_backdoor_seed20240925,20240925,ttfl,backdoor,19,0.47,0.03577777777777776,0.2631578947368421
known_trigger,4_ttfl_backdoor_seed20240925,20240925,ttfl,backdoor,20,0.4661,0.02066666666666666,0.2631578947368421
known_trigger,4_ttfl_backdoor_seed20240925,20240925,ttfl,backdoor,21,0.4944,0.033222222222222236,0.3157894736842105
known_trigger,4_ttfl_backdoor_seed20240925,20240925,ttfl,backdoor,22,0.4815,0.031222222222222235,0.3157894736842105
known_trigger,4_ttfl_backdoor_seed20240925,20240925,ttfl,backdoor,23,0.4941,0.03088888888888888,0.3157894736842105
known_trigger,4_ttfl_backdoor_seed20240925,20240925,ttfl,backdoor,24,0.5002,0.03877777777777776,0.3157894736842105
known_trigger,4_ttfl_backdoor_seed20240925,20240925,ttfl,backdoor,25,0.5183,0.049777777777777754,0.3157894736842105
known_trigger,4_ttfl_backdoor_seed20240925,20240925,ttfl,backdoor,26,0.5097,0.025222222222222226,0.3157894736842105
known_trigger,4_ttfl_backdoor_seed20240925,20240925,ttfl,backdoor,27,0.5229,0.03366666666666667,0.2631578947368421
known_trigger,4_ttfl_backdoor_seed20240925,20240925,ttfl,backdoor,28,0.5364,0.03388888888888888,0.2631578947368421
known_trigger,4_ttfl_backdoor_seed20240925,20240925,ttfl,backdoor,29,0.541,0.023888888888888876,0.2631578947368421
known_trigger,4_ttfl_backdoor_seed20240925,20240925,ttfl,backdoor,30,0.537,0.01922222222222222,0.2631578947368421
known_trigger,5_single_stream_delayed_backdoor_seed20240925,20240925,single_stream,delayed_backdoor,1,0.164,0.06755555555555554,0.05263157894736842
known_trigger,5_single_stream_delayed_backdoor_seed20240925,20240925,single_stream,delayed_backdoor,2,0.2561,0.05677777777777775,0.15789473684210525
known_trigger,5_single_stream_delayed_backdoor_seed20240925,20240925,single_stream,delayed_backdoor,3,0.2709,0.004333333333333334,0.2631578947368421
known_trigger,5_single_stream_delayed_backdoor_seed20240925,20240925,single_stream,delayed_backdoor,4,0.2951,0.008666666666666668,0.3157894736842105
known_trigger,5_single_stream_delayed_backdoor_seed20240925,20240925,single_stream,delayed_backdoor,5,0.3115,0.01988888888888888,0.47368421052631576
known_trigger,5_single_stream_delayed_backdoor_seed20240925,20240925,single_stream,delayed_backdoor,6,0.3338999999999999,0.031333333333333324,0.3684210526315789
known_trigger,5_single_stream_delayed_backdoor_seed20240925,20240925,single_stream,delayed_backdoor,7,0.3397,0.03655555555555556,0.5263157894736842
known_trigger,5_single_stream_delayed_backdoor_seed20240925,20240925,single_stream,delayed_backdoor,8,0.3664,0.050222222222222244,0.47368421052631576
known_trigger,5_single_stream_delayed_backdoor_seed20240925,20240925,single_stream,delayed_backdoor,9,0.3529,0.03311111111111112,0.5263157894736842
known_trigger,5_single_stream_delayed_backdoor_seed20240925,20240925,single_stream,delayed_backdoor,10,0.3799,0.031,0.5263157894736842
known_trigger,5_single_stream_delayed_backdoor_seed20240925,20240925,single_stream,delayed_backdoor,11,0.3338,0.043444444444444445,0.7368421052631579
known_trigger,5_single_stream_delayed_backdoor_seed20240925,20240925,single_stream,delayed_backdoor,12,0.3301,0.011111111111111112,0.7368421052631579
known_trigger,5_single_stream_delayed_backdoor_seed20240925,20240925,single_stream,delayed_backdoor,13,0.3204,0.0065555555555555575,0.7894736842105263
known_trigger,5_single_stream_delayed_backdoor_seed20240925,20240925,single_stream,delayed_backdoor,14,0.2778,0.17633333333333331,0.8421052631578947
known_trigger,5_single_stream_delayed_backdoor_seed20240925,20240925,single_stream,delayed_backdoor,15,0.3213,0.002777777777777778,0.7894736842105263
known_trigger,5_single_stream_delayed_backdoor_seed20240925,20240925,single_stream,delayed_backdoor,16,0.3726999999999999,0.04455555555555556,0.7894736842105263
known_trigger,5_single_stream_delayed_backdoor_seed20240925,20240925,single_stream,delayed_backdoor,17,0.3671,0.009666666666666669,0.631578947368421
known_trigger,5_single_stream_delayed_backdoor_seed20240925,20240925,single_stream,delayed_backdoor,18,0.3374,0.00044444444444444436,0.7368421052631579
known_trigger,5_single_stream_delayed_backdoor_seed20240925,20240925,single_stream,delayed_backdoor,19,0.2985,0.103,0.9473684210526315
known_trigger,5_single_stream_delayed_backdoor_seed20240925,20240925,single_stream,delayed_backdoor,20,0.2787,0.0,0.8421052631578947
known_trigger,5_single_stream_delayed_backdoor_seed20240925,20240925,single_stream,delayed_backdoor,21,0.2871,0.0924444444444445,0.8947368421052632
known_trigger,5_single_stream_delayed_backdoor_seed20240925,20240925,single_stream,delayed_backdoor,22,0.3533,0.007666666666666667,0.8421052631578947
known_trigger,5_single_stream_delayed_backdoor_seed20240925,20240925,single_stream,delayed_backdoor,23,0.3216,0.0,0.8421052631578947
known_trigger,5_single_stream_delayed_backdoor_seed20240925,20240925,single_stream,delayed_backdoor,24,0.3815,0.03855555555555556,0.8421052631578947
known_trigger,5_single_stream_delayed_backdoor_seed20240925,20240925,single_stream,delayed_backdoor,25,0.3226,0.00044444444444444436,0.8947368421052632
known_trigger,5_single_stream_delayed_backdoor_seed20240925,20240925,single_stream,delayed_backdoor,26,0.4509,0.010111111111111109,0.7368421052631579
known_trigger,5_single_stream_delayed_backdoor_seed20240925,20240925,single_stream,delayed_backdoor,27,0.4275,0.01866666666666666,0.7368421052631579
known_trigger,5_single_stream_delayed_backdoor_seed20240925,20240925,single_stream,delayed_backdoor,28,0.3622,0.135,0.8947368421052632
known_trigger,5_single_stream_delayed_backdoor_seed20240925,20240925,single_stream,delayed_backdoor,29,0.3725,0.008333333333333331,0.7894736842105263
known_trigger,5_single_stream_delayed_backdoor_seed20240925,20240925,single_stream,delayed_backdoor,30,0.4084,0.013,0.8421052631578947
known_trigger,6_ttfl_delayed_backdoor_seed20240925,20240925,ttfl,delayed_backdoor,1,0.1721,0.13122222222222224,0.0
known_trigger,6_ttfl_delayed_backdoor_seed20240925,20240925,ttfl,delayed_backdoor,2,0.2443,0.04433333333333333,0.05263157894736842
known_trigger,6_ttfl_delayed_backdoor_seed20240925,20240925,ttfl,delayed_backdoor,3,0.2743,0.024333333333333332,0.10526315789473684
known_trigger,6_ttfl_delayed_backdoor_seed20240925,20240925,ttfl,delayed_backdoor,4,0.3138,0.036,0.10526315789473684
known_trigger,6_ttfl_delayed_backdoor_seed20240925,20240925,ttfl,delayed_backdoor,5,0.3326,0.06533333333333334,0.10526315789473684
known_trigger,6_ttfl_delayed_backdoor_seed20240925,20240925,ttfl,delayed_backdoor,6,0.3533,0.05033333333333333,0.10526315789473684
known_trigger,6_ttfl_delayed_backdoor_seed20240925,20240925,ttfl,delayed_backdoor,7,0.3651,0.04022222222222224,0.10526315789473684
known_trigger,6_ttfl_delayed_backdoor_seed20240925,20240925,ttfl,delayed_backdoor,8,0.3852,0.04911111111111112,0.10526315789473684
known_trigger,6_ttfl_delayed_backdoor_seed20240925,20240925,ttfl,delayed_backdoor,9,0.3914000000000001,0.03744444444444444,0.15789473684210525
known_trigger,6_ttfl_delayed_backdoor_seed20240925,20240925,ttfl,delayed_backdoor,10,0.4009,0.02444444444444444,0.15789473684210525
known_trigger,6_ttfl_delayed_backdoor_seed20240925,20240925,ttfl,delayed_backdoor,11,0.3874,0.1533333333333333,0.2631578947368421
known_trigger,6_ttfl_delayed_backdoor_seed20240925,20240925,ttfl,delayed_backdoor,12,0.4194,0.031222222222222235,0.21052631578947367
known_trigger,6_ttfl_delayed_backdoor_seed20240925,20240925,ttfl,delayed_backdoor,13,0.4203,0.02844444444444444,0.21052631578947367
known_trigger,6_ttfl_delayed_backdoor_seed20240925,20240925,ttfl,delayed_backdoor,14,0.4344,0.019666666666666662,0.21052631578947367
known_trigger,6_ttfl_delayed_backdoor_seed20240925,20240925,ttfl,delayed_backdoor,15,0.46,0.038666666666666676,0.21052631578947367
known_trigger,6_ttfl_delayed_backdoor_seed20240925,20240925,ttfl,delayed_backdoor,16,0.4578,0.044,0.15789473684210525
known_trigger,6_ttfl_delayed_backdoor_seed20240925,20240925,ttfl,delayed_backdoor,17,0.4536,0.039,0.21052631578947367
known_trigger,6_ttfl_delayed_backdoor_seed20240925,20240925,ttfl,delayed_backdoor,18,0.4691,0.023,0.21052631578947367
known_trigger,6_ttfl_delayed_backdoor_seed20240925,20240925,ttfl,delayed_backdoor,19,0.4843,0.037555555555555564,0.2631578947368421
known_trigger,6_ttfl_delayed_backdoor_seed20240925,20240925,ttfl,delayed_backdoor,20,0.481,0.029777777777777764,0.2631578947368421
known_trigger,6_ttfl_delayed_backdoor_seed20240925,20240925,ttfl,delayed_backdoor,21,0.5063,0.028888888888888877,0.2631578947368421
known_trigger,6_ttfl_delayed_backdoor_seed20240925,20240925,ttfl,delayed_backdoor,22,0.5028,0.029666666666666675,0.21052631578947367
known_trigger,6_ttfl_delayed_backdoor_seed20240925,20240925,ttfl,delayed_backdoor,23,0.5071,0.03288888888888888,0.21052631578947367
known_trigger,6_ttfl_delayed_backdoor_seed20240925,20240925,ttfl,delayed_backdoor,24,0.5197,0.04677777777777776,0.2631578947368421
known_trigger,6_ttfl_delayed_backdoor_seed20240925,20240925,ttfl,delayed_backdoor,25,0.5291,0.042444444444444444,0.21052631578947367
known_trigger,6_ttfl_delayed_backdoor_seed20240925,20240925,ttfl,delayed_backdoor,26,0.5228,0.024,0.21052631578947367
known_trigger,6_ttfl_delayed_backdoor_seed20240925,20240925,ttfl,delayed_backdoor,27,0.5412,0.037555555555555564,0.21052631578947367
known_trigger,6_ttfl_delayed_backdoor_seed20240925,20240925,ttfl,delayed_backdoor,28,0.546,0.037555555555555564,0.21052631578947367
known_trigger,6_ttfl_delayed_backdoor_seed20240925,20240925,ttfl,delayed_backdoor,29,0.5537,0.02533333333333333,0.21052631578947367
known_trigger,6_ttfl_delayed_backdoor_seed20240925,20240925,ttfl,delayed_backdoor,30,0.552,0.022777777777777775,0.21052631578947367
known_trigger,7_single_stream_none_seed20240926,20240926,single_stream,none,1,0.2192,0.16966666666666672,0.0
known_trigger,7_single_stream_none_seed20240926,20240926,single_stream,none,2,0.267,0.05455555555555554,0.05
known_trigger,7_single_stream_none_seed20240926,20240926,single_stream,none,3,0.2598,0.0033333333333333335,0.25
known_trigger,7_single_stream_none_seed20240926,20240926,single_stream,none,4,0.3122,0.05466666666666667,0.3
known_trigger,7_single_stream_none_seed20240926,20240926,single_stream,none,5,0.3430000000000001,0.05522222222222224,0.3
known_trigger,7_single_stream_none_seed20240926,20240926,single_stream,none,6,0.3658,0.03411111111111112,0.35
known_trigger,7_single_stream_none_seed20240926,20240926,single_stream,none,7,0.3846,0.05466666666666667,0.2
known_trigger,7_single_stream_none_seed20240926,20240926,single_stream,none,8,0.4011,0.04311111111111112,0.3
known_trigger,7_single_stream_none_seed20240926,20240926,single_stream,none,9,0.4028,0.03677777777777776,0.25
known_trigger,7_single_stream_none_seed20240926,20240926,single_stream,none,10,0.425,0.02666666666666667,0.3
known_trigger,7_single_stream_none_seed20240926,20240926,single_stream,none,11,0.4343,0.030333333333333327,0.35
known_trigger,7_single_stream_none_seed20240926,20240926,single_stream,none,12,0.4409,0.03511111111111113,0.35
known_trigger,7_single_stream_none_seed20240926,20240926,single_stream,none,13,0.4537,0.039888888888888877,0.3
known_trigger,7_single_stream_none_seed20240926,20240926,single_stream,none,14,0.4651,0.038888888888888876,0.25
known_trigger,7_single_stream_none_seed20240926,20240926,single_stream,none,15,0.4822,0.06766666666666665,0.2
known_trigger,7_single_stream_none_seed20240926,20240926,single_stream,none,16,0.4792,0.05633333333333334,0.2
known_trigger,7_single_stream_none_seed20240926,20240926,single_stream,none,17,0.4948,0.046555555555555544,0.2
known_trigger,7_single_stream_none_seed20240926,20240926,single_stream,none,18,0.5058,0.04933333333333333,0.15
known_trigger,7_single_stream_none_seed20240926,20240926,single_stream,none,19,0.5145,0.048111111111111125,0.15
known_trigger,7_single_stream_none_seed20240926,20240926,single_stream,none,20,0.5185,0.038,0.15
known_trigger,7_single_stream_none_seed20240926,20240926,single_stream,none,21,0.5288,0.04544444444444444,0.15
known_trigger,7_single_stream_none_seed20240926,20240926,single_stream,none,22,0.5328,0.03733333333333332,0.15
known_trigger,7_single_stream_none_seed20240926,20240926,single_stream,none,23,0.5346,0.04455555555555556,0.15
known_trigger,7_single_stream_none_seed20240926,20240926,single_stream,none,24,0.5443,0.04433333333333333,0.15
known_trigger,7_single_stream_none_seed20240926,20240926,single_stream,none,25,0.5523,0.045888888888888875,0.15
known_trigger,7_single_stream_none_seed20240926,20240926,single_stream,none,26,0.5496,0.03566666666666667,0.15
known_trigger,7_single_stream_none_seed20240926,20240926,single_stream,none,27,0.5597,0.04066666666666668,0.15
known_trigger,7_single_stream_none_seed20240926,20240926,single_stream,none,28,0.5664,0.03855555555555556,0.15
known_trigger,7_single_stream_none_seed20240926,20240926,single_stream,none,29,0.5766,0.041,0.15
known_trigger,7_single_stream_none_seed20240926,20240926,single_stream,none,30,0.5728,0.032222222222222235,0.15
known_trigger,8_ttfl_none_seed20240926,20240926,ttfl,none,1,0.2219,0.17199999999999996,0.0
known_trigger,8_ttfl_none_seed20240926,20240926,ttfl,none,2,0.2674,0.1832222222222222,0.0
known_trigger,8_ttfl_none_seed20240926,20240926,ttfl,none,3,0.2942,0.01144444444444444,0.05
known_trigger,8_ttfl_none_seed20240926,20240926,ttfl,none,4,0.3399,0.06755555555555554,0.05
known_trigger,8_ttfl_none_seed20240926,20240926,ttfl,none,5,0.3569,0.04066666666666668,0.05
known_trigger,8_ttfl_none_seed20240926,20240926,ttfl,none,6,0.3807,0.05544444444444446,0.05
known_trigger,8_ttfl_none_seed20240926,20240926,ttfl,none,7,0.3891,0.05377777777777776,0.05
known_trigger,8_ttfl_none_seed20240926,20240926,ttfl,none,8,0.4158,0.060666666666666653,0.05
known_trigger,8_ttfl_none_seed20240926,20240926,ttfl,none,9,0.3957,0.032333333333333325,0.15
known_trigger,8_ttfl_none_seed20240926,20240926,ttfl,none,10,0.4324,0.03977777777777776,0.15
known_trigger,8_ttfl_none_seed20240926,20240926,ttfl,none,11,0.4463,0.04133333333333332,0.15
known_trigger,8_ttfl_none_seed20240926,20240926,ttfl,none,12,0.4501,0.05111111111111112,0.15
known_trigger,8_ttfl_none_seed20240926,20240926,ttfl,none,13,0.447,0.04122222222222224,0.15
known_trigger,8_ttfl_none_seed20240926,20240926,ttfl,none,14,0.4663,0.044222222222222246,0.15
known_trigger,8_ttfl_none_seed20240926,20240926,ttfl,none,15,0.4799,0.06,0.15
known_trigger,8_ttfl_none_seed20240926,20240926,ttfl,none,16,0.479,0.04788888888888888,0.15
known_trigger,8_ttfl_none_seed20240926,20240926,ttfl,none,17,0.4921,0.039333333333333324,0.15
known_trigger,8_ttfl_none_seed20240926,20240926,ttfl,none,18,0.5008,0.04188888888888888,0.15
known_trigger,8_ttfl_none_seed20240926,20240926,ttfl,none,19,0.513,0.04433333333333333,0.15
known_trigger,8_ttfl_none_seed20240926,20240926,ttfl,none,20,0.5134,0.03633333333333333,0.15
known_trigger,8_ttfl_none_seed20240926,20240926,ttfl,none,21,0.5302,0.04077777777777777,0.15
known_trigger,8_ttfl_none_seed20240926,20240926,ttfl,none,22,0.527,0.03288888888888888,0.15
known_trigger,8_ttfl_none_seed20240926,20240926,ttfl,none,23,0.528,0.03644444444444444,0.15
known_trigger,8_ttfl_none_seed20240926,20240926,ttfl,none,24,0.5441,0.03711111111111112,0.15
known_trigger,8_ttfl_none_seed20240926,20240926,ttfl,none,25,0.5489,0.04,0.15
known_trigger,8_ttfl_none_seed20240926,20240926,ttfl,none,26,0.5488,0.03355555555555556,0.15
known_trigger,8_ttfl_none_seed20240926,20240926,ttfl,none,27,0.5555,0.03522222222222224,0.15
known_trigger,8_ttfl_none_seed20240926,20240926,ttfl,none,28,0.5628,0.031333333333333324,0.15
known_trigger,8_ttfl_none_seed20240926,20240926,ttfl,none,29,0.5716,0.041,0.15
known_trigger,8_ttfl_none_seed20240926,20240926,ttfl,none,30,0.5747,0.03466666666666667,0.15
known_trigger,9_single_stream_backdoor_seed20240926,20240926,single_stream,backdoor,1,0.2138,0.186,0.0
known_trigger,9_single_stream_backdoor_seed20240926,20240926,single_stream,backdoor,2,0.2682,0.06488888888888887,0.05263157894736842
known_trigger,9_single_stream_backdoor_seed20240926,20240926,single_stream,backdoor,3,0.2695,0.009777777777777781,0.21052631578947367
known_trigger,9_single_stream_backdoor_seed20240926,20240926,single_stream,backdoor,4,0.3067,0.047444444444444456,0.3157894736842105
known_trigger,9_single_stream_backdoor_seed20240926,20240926,single_stream,backdoor,5,0.357,0.10077777777777776,0.3684210526315789
known_trigger,9_single_stream_backdoor_seed20240926,20240926,single_stream,backdoor,6,0.3647000000000001,0.040111111111111125,0.3157894736842105
known_trigger,9_single_stream_backdoor_seed20240926,20240926,single_stream,backdoor,7,0.3836,0.056111111111111125,0.21052631578947367
known_trigger,9_single_stream_backdoor_seed20240926,20240926,single_stream,backdoor,8,0.4020000000000001,0.04633333333333333,0.2631578947368421
known_trigger,9_single_stream_backdoor_seed20240926,20240926,single_stream,backdoor,9,0.4019,0.039111111111111124,0.2631578947368421
known_trigger,9_single_stream_backdoor_seed20240926,20240926,single_stream,backdoor,10,0.4257,0.03644444444444444,0.3157894736842105
known_trigger,9_single_stream_backdoor_seed20240926,20240926,single_stream,backdoor,11,0.4287,0.02444444444444444,0.3684210526315789
known_trigger,9_single_stream_backdoor_seed20240926,20240926,single_stream,backdoor,12,0.4382,0.035,0.3157894736842105
known_trigger,9_single_stream_backdoor_seed20240926,20240926,single_stream,backdoor,13,0.4387,0.023111111111111124,0.42105263157894735
known_trigger,9_single_stream_backdoor_seed20240926,20240926,single_stream,backdoor,14,0.4664,0.033,0.3157894736842105
known_trigger,9_single_stream_backdoor_seed20240926,20240926,single_stream,backdoor,15,0.4749,0.04111111111111112,0.42105263157894735
known_trigger,9_single_stream_backdoor_seed20240926,20240926,single_stream,backdoor,16,0.4758,0.03844444444444444,0.3684210526315789
known_trigger,9_single_stream_backdoor_seed20240926,20240926,single_stream,backdoor,17,0.5009,0.04188888888888888,0.2631578947368421
known_trigger,9_single_stream_backdoor_seed20240926,20240926,single_stream,backdoor,18,0.4953,0.033444444444444436,0.3157894736842105
known_trigger,9_single_stream_backdoor_seed20240926,20240926,single_stream,backdoor,19,0.5101,0.03644444444444444,0.2631578947368421
known_trigger,9_single_stream_backdoor_seed20240926,20240926,single_stream,backdoor,20,0.506,0.029666666666666675,0.21052631578947367
known_trigger,9_single_stream_backdoor_seed20240926,20240926,single_stream,backdoor,21,0.5352,0.039,0.21052631578947367
known_trigger,9_single_stream_backdoor_seed20240926,20240926,single_stream,backdoor,22,0.5358,0.03644444444444444,0.15789473684210525
known_trigger,9_single_stream_backdoor_seed20240926,20240926,single_stream,backdoor,23,0.5356,0.04266666666666668,0.15789473684210525
known_trigger,9_single_stream_backdoor_seed20240926,20240926,single_stream,backdoor,24,0.5449,0.04133333333333332,0.15789473684210525
known_trigger,9_single_stream_backdoor_seed20240926,20240926,single_stream,backdoor,25,0.5476,0.042,0.15789473684210525
known_trigger,9_single_stream_backdoor_seed20240926,20240926,single_stream,backdoor,26,0.5533,0.03366666666666667,0.15789473684210525
known_trigger,9_single_stream_backdoor_seed20240926,20240926,single_stream,backdoor,27,0.5618,0.03722222222222223,0.15789473684210525
known_trigger,9_single_stream_backdoor_seed20240926,20240926,single_stream,backdoor,28,0.5674,0.038222222222222234,0.15789473684210525
known_trigger,9_single_stream_backdoor_seed20240926,20240926,single_stream,backdoor,29,0.5784,0.04522222222222223,0.15789473684210525
known_trigger,9_single_stream_backdoor_seed20240926,20240926,single_stream,backdoor,30,0.5797,0.03455555555555556,0.15789473684210525
known_trigger,10_ttfl_backdoor_seed20240926,20240926,ttfl,backdoor,1,0.1882,0.471,0.0
known_trigger,10_ttfl_backdoor_seed20240926,20240926,ttfl,backdoor,2,0.2363,0.35077777777777797,0.0
known_trigger,10_ttfl_backdoor_seed20240926,20240926,ttfl,backdoor,3,0.2901,0.00677777777777778,0.05263157894736842
known_trigger,10_ttfl_backdoor_seed20240926,20240926,ttfl,backdoor,4,0.3238,0.05233333333333334,0.05263157894736842
known_trigger,10_ttfl_backdoor_seed20240926,20240926,ttfl,backdoor,5,0.3504,0.03766666666666668,0.05263157894736842
known_trigger,10_ttfl_backdoor_seed20240926,20240926,ttfl,backdoor,6,0.3744,0.03811111111111112,0.10526315789473684
known_trigger,10_ttfl_backdoor_seed20240926,20240926,ttfl,backdoor,7,0.3865,0.04466666666666667,0.10526315789473684
known_trigger,10_ttfl_backdoor_seed20240926,20240926,ttfl,backdoor,8,0.4028,0.04488888888888888,0.10526315789473684
known_trigger,10_ttfl_backdoor_seed20240926,20240926,ttfl,backdoor,9,0.3973999999999999,0.023555555555555562,0.15789473684210525
known_trigger,10_ttfl_backdoor_seed20240926,20240926,ttfl,backdoor,10,0.4256,0.030333333333333327,0.10526315789473684
known_trigger,10_ttfl_backdoor_seed20240926,20240926,ttfl,backdoor,11,0.4433,0.03622222222222224,0.15789473684210525
known_trigger,10_ttfl_backdoor_seed20240926,20240926,ttfl,backdoor,12,0.4452,0.03922222222222224,0.21052631578947367
known_trigger,10_ttfl_backdoor_seed20240926,20240926,ttfl,backdoor,13,0.4477,0.03466666666666667,0.21052631578947367
known_trigger,10_ttfl_backdoor_seed20240926,20240926,ttfl,backdoor,14,0.4573,0.042222222222222244,0.21052631578947367
known_trigger,10_ttfl_backdoor_seed20240926,20240926,ttfl,backdoor,15,0.4739,0.053888888888888875,0.21052631578947367
known_trigger,10_ttfl_backdoor_seed20240926,20240926,ttfl,backdoor,16,0.4728,0.04266666666666668,0.21052631578947367
known_trigger,10_ttfl_backdoor_seed20240926,20240926,ttfl,backdoor,17,0.4886,0.04077777777777777,0.15789473684210525
known_trigger,10_ttfl_backdoor_seed20240926,20240926,ttfl,backdoor,18,0.4976,0.04077777777777777,0.15789473684210525
known_trigger,10_ttfl_backdoor_seed20240926,20240926,ttfl,backdoor,19,0.5032,0.04533333333333333,0.15789473684210525
known_trigger,10_ttfl_backdoor_seed20240926,20240926,ttfl,backdoor,20,0.5105,0.03588888888888887,0.15789473684210525
known_trigger,10_ttfl_backdoor_seed20240926,20240926,ttfl,backdoor,21,0.524,0.04055555555555556,0.15789473684210525
known_trigger,10_ttfl_backdoor_seed20240926,20240926,ttfl,backdoor,22,0.5232,0.03844444444444444,0.15789473684210525
known_trigger,10_ttfl_backdoor_seed20240926,20240926,ttfl,backdoor,23,0.5292,0.04366666666666667,0.15789473684210525
known_trigger,10_ttfl_backdoor_seed20240926,20240926,ttfl,backdoor,24,0.5392,0.04233333333333332,0.15789473684210525
known_trigger,10_ttfl_backdoor_seed20240926,20240926,ttfl,backdoor,25,0.5469,0.04033333333333332,0.15789473684210525
known_trigger,10_ttfl_backdoor_seed20240926,20240926,ttfl,backdoor,26,0.5436,0.03466666666666667,0.15789473684210525
known_trigger,10_ttfl_backdoor_seed20240926,20240926,ttfl,backdoor,27,0.5529,0.03944444444444444,0.15789473684210525
known_trigger,10_ttfl_backdoor_seed20240926,20240926,ttfl,backdoor,28,0.5593,0.037,0.15789473684210525
known_trigger,10_ttfl_backdoor_seed20240926,20240926,ttfl,backdoor,29,0.5729,0.039666666666666676,0.15789473684210525
known_trigger,10_ttfl_backdoor_seed20240926,20240926,ttfl,backdoor,30,0.5733,0.03511111111111113,0.15789473684210525
known_trigger,11_single_stream_delayed_backdoor_seed20240926,20240926,single_stream,delayed_backdoor,1,0.2211,0.17988888888888893,0.0
known_trigger,11_single_stream_delayed_backdoor_seed20240926,20240926,single_stream,delayed_backdoor,2,0.2677,0.05711111111111112,0.05263157894736842
known_trigger,11_single_stream_delayed_backdoor_seed20240926,20240926,single_stream,delayed_backdoor,3,0.2723,0.009666666666666669,0.21052631578947367
known_trigger,11_single_stream_delayed_backdoor_seed20240926,20240926,single_stream,delayed_backdoor,4,0.3069,0.04955555555555555,0.3157894736842105
known_trigger,11_single_stream_delayed_backdoor_seed20240926,20240926,single_stream,delayed_backdoor,5,0.3386,0.03744444444444444,0.2631578947368421
known_trigger,11_single_stream_delayed_backdoor_seed20240926,20240926,single_stream,delayed_backdoor,6,0.3659,0.030444444444444437,0.3684210526315789
known_trigger,11_single_stream_delayed_backdoor_seed20240926,20240926,single_stream,delayed_backdoor,7,0.3884000000000001,0.05844444444444446,0.2631578947368421
known_trigger,11_single_stream_delayed_backdoor_seed20240926,20240926,single_stream,delayed_backdoor,8,0.4050000000000001,0.04122222222222224,0.3157894736842105
known_trigger,11_single_stream_delayed_backdoor_seed20240926,20240926,single_stream,delayed_backdoor,9,0.4030000000000001,0.038,0.2631578947368421
known_trigger,11_single_stream_delayed_backdoor_seed20240926,20240926,single_stream,delayed_backdoor,10,0.4183,0.019333333333333338,0.3684210526315789
known_trigger,11_single_stream_delayed_backdoor_seed20240926,20240926,single_stream,delayed_backdoor,11,0.4123,0.21988888888888897,0.3684210526315789
known_trigger,11_single_stream_delayed_backdoor_seed20240926,20240926,single_stream,delayed_backdoor,12,0.4371,0.019333333333333338,0.3684210526315789
known_trigger,11_single_stream_delayed_backdoor_seed20240926,20240926,single_stream,delayed_backdoor,13,0.4338,0.023666666666666666,0.42105263157894735
known_trigger,11_single_stream_delayed_backdoor_seed20240926,20240926,single_stream,delayed_backdoor,14,0.4638,0.038,0.3157894736842105
known_trigger,11_single_stream_delayed_backdoor_seed20240926,20240926,single_stream,delayed_backdoor,15,0.4829,0.06055555555555553,0.2631578947368421
known_trigger,11_single_stream_delayed_backdoor_seed20240926,20240926,single_stream,delayed_backdoor,16,0.4823,0.06222222222222224,0.21052631578947367
known_trigger,11_single_stream_delayed_backdoor_seed20240926,20240926,single_stream,delayed_backdoor,17,0.4864,0.03522222222222224,0.2631578947368421
known_trigger,11_single_stream_delayed_backdoor_seed20240926,20240926,single_stream,delayed_backdoor,18,0.5054,0.049,0.21052631578947367
known_trigger,11_single_stream_delayed_backdoor_seed20240926,20240926,single_stream,delayed_backdoor,19,0.5131,0.048666666666666664,0.21052631578947367
known_trigger,11_single_stream_delayed_backdoor_seed20240926,20240926,single_stream,delayed_backdoor,20,0.5206,0.038666666666666676,0.15789473684210525
known_trigger,11_single_stream_delayed_backdoor_seed20240926,20240926,single_stream,delayed_backdoor,21,0.5288,0.037888888888888875,0.2631578947368421
known_trigger,11_single_stream_delayed_backdoor_seed20240926,20240926,single_stream,delayed_backdoor,22,0.5319,0.036888888888888874,0.15789473684210525
known_trigger,11_single_stream_delayed_backdoor_seed20240926,20240926,single_stream,delayed_backdoor,23,0.5359,0.04522222222222223,0.15789473684210525
known_trigger,11_single_stream_delayed_backdoor_seed20240926,20240926,single_stream,delayed_backdoor,24,0.5439,0.043444444444444445,0.15789473684210525
known_trigger,11_single_stream_delayed_backdoor_seed20240926,20240926,single_stream,delayed_backdoor,25,0.547,0.044,0.15789473684210525
known_trigger,11_single_stream_delayed_backdoor_seed20240926,20240926,single_stream,delayed_backdoor,26,0.5495,0.03555555555555556,0.15789473684210525
known_trigger,11_single_stream_delayed_backdoor_seed20240926,20240926,single_stream,delayed_backdoor,27,0.5583,0.03977777777777776,0.15789473684210525
known_trigger,11_single_stream_delayed_backdoor_seed20240926,20240926,single_stream,delayed_backdoor,28,0.5644,0.03744444444444444,0.15789473684210525
known_trigger,11_single_stream_delayed_backdoor_seed20240926,20240926,single_stream,delayed_backdoor,29,0.5777,0.04433333333333333,0.15789473684210525
known_trigger,11_single_stream_delayed_backdoor_seed20240926,20240926,single_stream,delayed_backdoor,30,0.573,0.036,0.15789473684210525
known_trigger,12_ttfl_delayed_backdoor_seed20240926,20240926,ttfl,delayed_backdoor,1,0.2244,0.163,0.0
known_trigger,12_ttfl_delayed_backdoor_seed20240926,20240926,ttfl,delayed_backdoor,2,0.2684,0.176,0.0
known_trigger,12_ttfl_delayed_backdoor_seed20240926,20240926,ttfl,delayed_backdoor,3,0.2946,0.013888888888888885,0.05263157894736842
known_trigger,12_ttfl_delayed_backdoor_seed20240926,20240926,ttfl,delayed_backdoor,4,0.3378,0.07877777777777775,0.05263157894736842
known_trigger,12_ttfl_delayed_backdoor_seed20240926,20240926,ttfl,delayed_backdoor,5,0.3552,0.049222222222222244,0.05263157894736842
known_trigger,12_ttfl_delayed_backdoor_seed20240926,20240926,ttfl,delayed_backdoor,6,0.3815,0.061,0.05263157894736842
known_trigger,12_ttfl_delayed_backdoor_seed20240926,20240926,ttfl,delayed_backdoor,7,0.3849,0.04544444444444444,0.10526315789473684
known_trigger,12_ttfl_delayed_backdoor_seed20240926,20240926,ttfl,delayed_backdoor,8,0.4096,0.06077777777777776,0.10526315789473684
known_trigger,12_ttfl_delayed_backdoor_seed20240926,20240926,ttfl,delayed_backdoor,9,0.4015000000000001,0.031888888888888876,0.15789473684210525
known_trigger,12_ttfl_delayed_backdoor_seed20240926,20240926,ttfl,delayed_backdoor,10,0.4285,0.038,0.21052631578947367
known_trigger,12_ttfl_delayed_backdoor_seed20240926,20240926,ttfl,delayed_backdoor,11,0.4223,0.18122222222222223,0.21052631578947367
known_trigger,12_ttfl_delayed_backdoor_seed20240926,20240926,ttfl,delayed_backdoor,12,0.4426,0.10422222222222224,0.21052631578947367
known_trigger,12_ttfl_delayed_backdoor_seed20240926,20240926,ttfl,delayed_backdoor,13,0.4327,0.024777777777777774,0.21052631578947367
known_trigger,12_ttfl_delayed_backdoor_seed20240926,20240926,ttfl,delayed_backdoor,14,0.452,0.02922222222222223,0.15789473684210525
known_trigger,12_ttfl_delayed_backdoor_seed20240926,20240926,ttfl,delayed_backdoor,15,0.4714,0.04622222222222225,0.21052631578947367
known_trigger,12_ttfl_delayed_backdoor_seed20240926,20240926,ttfl,delayed_backdoor,16,0.4652,0.03422222222222224,0.21052631578947367
known_trigger,12_ttfl_delayed_backdoor_seed20240926,20240926,ttfl,delayed_backdoor,17,0.4825,0.02955555555555556,0.21052631578947367
known_trigger,12_ttfl_delayed_backdoor_seed20240926,20240926,ttfl,delayed_backdoor,18,0.5027,0.042444444444444444,0.15789473684210525
known_trigger,12_ttfl_delayed_backdoor_seed20240926,20240926,ttfl,delayed_backdoor,19,0.5108,0.041,0.15789473684210525
known_trigger,12_ttfl_delayed_backdoor_seed20240926,20240926,ttfl,delayed_backdoor,20,0.5194,0.03377777777777777,0.15789473684210525
known_trigger,12_ttfl_delayed_backdoor_seed20240926,20240926,ttfl,delayed_backdoor,21,0.525,0.03944444444444444,0.15789473684210525
known_trigger,12_ttfl_delayed_backdoor_seed20240926,20240926,ttfl,delayed_backdoor,22,0.5279,0.03644444444444444,0.15789473684210525
known_trigger,12_ttfl_delayed_backdoor_seed20240926,20240926,ttfl,delayed_backdoor,23,0.5321,0.041777777777777754,0.15789473684210525
known_trigger,12_ttfl_delayed_backdoor_seed20240926,20240926,ttfl,delayed_backdoor,24,0.5377,0.04022222222222224,0.15789473684210525
known_trigger,12_ttfl_delayed_backdoor_seed20240926,20240926,ttfl,delayed_backdoor,25,0.5463,0.039888888888888877,0.15789473684210525
known_trigger,12_ttfl_delayed_backdoor_seed20240926,20240926,ttfl,delayed_backdoor,26,0.5535,0.03277777777777777,0.10526315789473684
known_trigger,12_ttfl_delayed_backdoor_seed20240926,20240926,ttfl,delayed_backdoor,27,0.5573,0.03566666666666667,0.10526315789473684
known_trigger,12_ttfl_delayed_backdoor_seed20240926,20240926,ttfl,delayed_backdoor,28,0.5659,0.03366666666666667,0.10526315789473684
known_trigger,12_ttfl_delayed_backdoor_seed20240926,20240926,ttfl,delayed_backdoor,29,0.5747,0.039666666666666676,0.10526315789473684
known_trigger,12_ttfl_delayed_backdoor_seed20240926,20240926,ttfl,delayed_backdoor,30,0.5704,0.02866666666666667,0.10526315789473684
recovery,1_fedavg_recovery_backdoor_seed20240925,20240925,fedavg,recovery_backdoor,1,0.1759,0.15111111111111103,
recovery,1_fedavg_recovery_backdoor_seed20240925,20240925,fedavg,recovery_backdoor,2,0.2283,0.1675555555555555,
recovery,1_fedavg_recovery_backdoor_seed20240925,20240925,fedavg,recovery_backdoor,3,0.2244,0.37855555555555565,
recovery,1_fedavg_recovery_backdoor_seed20240925,20240925,fedavg,recovery_backdoor,4,0.279,0.2593333333333334,
recovery,1_fedavg_recovery_backdoor_seed20240925,20240925,fedavg,recovery_backdoor,5,0.2832,0.288111111111111,
recovery,1_fedavg_recovery_backdoor_seed20240925,20240925,fedavg,recovery_backdoor,6,0.302,0.2517777777777779,
recovery,1_fedavg_recovery_backdoor_seed20240925,20240925,fedavg,recovery_backdoor,7,0.3267,0.24466666666666662,
recovery,1_fedavg_recovery_backdoor_seed20240925,20240925,fedavg,recovery_backdoor,8,0.3433,0.22622222222222216,
recovery,1_fedavg_recovery_backdoor_seed20240925,20240925,fedavg,recovery_backdoor,9,0.3603,0.21066666666666664,
recovery,1_fedavg_recovery_backdoor_seed20240925,20240925,fedavg,recovery_backdoor,10,0.4050000000000001,0.056,
recovery,1_fedavg_recovery_backdoor_seed20240925,20240925,fedavg,recovery_backdoor,11,0.4060000000000001,0.10888888888888892,
recovery,1_fedavg_recovery_backdoor_seed20240925,20240925,fedavg,recovery_backdoor,12,0.417,0.10555555555555551,
recovery,1_fedavg_recovery_backdoor_seed20240925,20240925,fedavg,recovery_backdoor,13,0.4286,0.08166666666666664,
recovery,1_fedavg_recovery_backdoor_seed20240925,20240925,fedavg,recovery_backdoor,14,0.4535,0.060888888888888874,
recovery,1_fedavg_recovery_backdoor_seed20240925,20240925,fedavg,recovery_backdoor,15,0.4503,0.09466666666666666,
recovery,1_fedavg_recovery_backdoor_seed20240925,20240925,fedavg,recovery_backdoor,16,0.4542,0.09355555555555552,
recovery,1_fedavg_recovery_backdoor_seed20240925,20240925,fedavg,recovery_backdoor,17,0.4698,0.07611111111111112,
recovery,1_fedavg_recovery_backdoor_seed20240925,20240925,fedavg,recovery_backdoor,18,0.4888,0.063,
recovery,1_fedavg_recovery_backdoor_seed20240925,20240925,fedavg,recovery_backdoor,19,0.4889,0.07911111111111112,
recovery,1_fedavg_recovery_backdoor_seed20240925,20240925,fedavg,recovery_backdoor,20,0.5017,0.06477777777777775,
recovery,1_fedavg_recovery_backdoor_seed20240925,20240925,fedavg,recovery_backdoor,21,0.5078,0.05955555555555553,
recovery,1_fedavg_recovery_backdoor_seed20240925,20240925,fedavg,recovery_backdoor,22,0.512,0.062111111111111124,
recovery,1_fedavg_recovery_backdoor_seed20240925,20240925,fedavg,recovery_backdoor,23,0.5101,0.06322222222222225,
recovery,1_fedavg_recovery_backdoor_seed20240925,20240925,fedavg,recovery_backdoor,24,0.5232,0.08444444444444449,
recovery,1_fedavg_recovery_backdoor_seed20240925,20240925,fedavg,recovery_backdoor,25,0.5273,0.06655555555555553,
recovery,1_fedavg_recovery_backdoor_seed20240925,20240925,fedavg,recovery_backdoor,26,0.5423,0.047444444444444456,
recovery,1_fedavg_recovery_backdoor_seed20240925,20240925,fedavg,recovery_backdoor,27,0.5515,0.05166666666666666,
recovery,1_fedavg_recovery_backdoor_seed20240925,20240925,fedavg,recovery_backdoor,28,0.533,0.06677777777777776,
recovery,1_fedavg_recovery_backdoor_seed20240925,20240925,fedavg,recovery_backdoor,29,0.561,0.04566666666666667,
recovery,1_fedavg_recovery_backdoor_seed20240925,20240925,fedavg,recovery_backdoor,30,0.5591,0.043222222222222245,
recovery,2_fltrust_recovery_backdoor_seed20240925,20240925,fltrust,recovery_backdoor,1,0.2002,0.106,
recovery,2_fltrust_recovery_backdoor_seed20240925,20240925,fltrust,recovery_backdoor,2,0.2693,0.10922222222222225,
recovery,2_fltrust_recovery_backdoor_seed20240925,20240925,fltrust,recovery_backdoor,3,0.2749,0.275,
recovery,2_fltrust_recovery_backdoor_seed20240925,20240925,fltrust,recovery_backdoor,4,0.3078,0.20777777777777784,
recovery,2_fltrust_recovery_backdoor_seed20240925,20240925,fltrust,recovery_backdoor,5,0.2994,0.2647777777777779,
recovery,2_fltrust_recovery_backdoor_seed20240925,20240925,fltrust,recovery_backdoor,6,0.3536000000000001,0.10155555555555551,
recovery,2_fltrust_recovery_backdoor_seed20240925,20240925,fltrust,recovery_backdoor,7,0.286,0.377888888888889,
recovery,2_fltrust_recovery_backdoor_seed20240925,20240925,fltrust,recovery_backdoor,8,0.383,0.019111111111111117,
recovery,2_fltrust_recovery_backdoor_seed20240925,20240925,fltrust,recovery_backdoor,9,0.3065,0.3506666666666666,
recovery,2_fltrust_recovery_backdoor_seed20240925,20240925,fltrust,recovery_backdoor,10,0.3985,0.010111111111111109,
recovery,2_fltrust_recovery_backdoor_seed20240925,20240925,fltrust,recovery_backdoor,11,0.3854,0.18,
recovery,2_fltrust_recovery_backdoor_seed20240925,20240925,fltrust,recovery_backdoor,12,0.422,0.04433333333333333,
recovery,2_fltrust_recovery_backdoor_seed20240925,20240925,fltrust,recovery_backdoor,13,0.3978999999999999,0.18188888888888893,
recovery,2_fltrust_recovery_backdoor_seed20240925,20240925,fltrust,recovery_backdoor,14,0.4298,0.011555555555555562,
recovery,2_fltrust_recovery_backdoor_seed20240925,20240925,fltrust,recovery_backdoor,15,0.4224,0.16544444444444448,
recovery,2_fltrust_recovery_backdoor_seed20240925,20240925,fltrust,recovery_backdoor,16,0.4405,0.021222222222222222,
recovery,2_fltrust_recovery_backdoor_seed20240925,20240925,fltrust,recovery_backdoor,17,0.4475,0.14533333333333331,
recovery,2_fltrust_recovery_backdoor_seed20240925,20240925,fltrust,recovery_backdoor,18,0.435,0.005777777777777781,
recovery,2_fltrust_recovery_backdoor_seed20240925,20240925,fltrust,recovery_backdoor,19,0.4681,0.1573333333333333,
recovery,2_fltrust_recovery_backdoor_seed20240925,20240925,fltrust,recovery_backdoor,20,0.4413,0.005222222222222219,
recovery,2_fltrust_recovery_backdoor_seed20240925,20240925,fltrust,recovery_backdoor,21,0.4771,0.13888888888888895,
recovery,2_fltrust_recovery_backdoor_seed20240925,20240925,fltrust,recovery_backdoor,22,0.4775,0.009,
recovery,2_fltrust_recovery_backdoor_seed20240925,20240925,fltrust,recovery_backdoor,23,0.4956,0.121,
recovery,2_fltrust_recovery_backdoor_seed20240925,20240925,fltrust,recovery_backdoor,24,0.4473,0.0073333333333333315,
recovery,2_fltrust_recovery_backdoor_seed20240925,20240925,fltrust,recovery_backdoor,25,0.5109,0.1276666666666667,
recovery,2_fltrust_recovery_backdoor_seed20240925,20240925,fltrust,recovery_backdoor,26,0.517,0.012888888888888884,
recovery,2_fltrust_recovery_backdoor_seed20240925,20240925,fltrust,recovery_backdoor,27,0.5329,0.08877777777777776,
recovery,2_fltrust_recovery_backdoor_seed20240925,20240925,fltrust,recovery_backdoor,28,0.5223,0.023555555555555562,
recovery,2_fltrust_recovery_backdoor_seed20240925,20240925,fltrust,recovery_backdoor,29,0.5437,0.08211111111111111,
recovery,2_fltrust_recovery_backdoor_seed20240925,20240925,fltrust,recovery_backdoor,30,0.552,0.030111111111111123,
recovery,3_single_stream_recovery_backdoor_seed20240925,20240925,single_stream,recovery_backdoor,1,0.1688,0.124,0.0
recovery,3_single_stream_recovery_backdoor_seed20240925,20240925,single_stream,recovery_backdoor,2,0.2423,0.1646666666666667,0.05263157894736842
recovery,3_single_stream_recovery_backdoor_seed20240925,20240925,single_stream,recovery_backdoor,3,0.233,0.40388888888888896,0.05263157894736842
recovery,3_single_stream_recovery_backdoor_seed20240925,20240925,single_stream,recovery_backdoor,4,0.3129,0.12711111111111106,0.21052631578947367
recovery,3_single_stream_recovery_backdoor_seed20240925,20240925,single_stream,recovery_backdoor,5,0.3181,0.21266666666666664,0.15789473684210525
recovery,3_single_stream_recovery_backdoor_seed20240925,20240925,single_stream,recovery_backdoor,6,0.3343,0.2347777777777779,0.10526315789473684
recovery,3_single_stream_recovery_backdoor_seed20240925,20240925,single_stream,recovery_backdoor,7,0.3631,0.20044444444444448,0.10526315789473684
recovery,3_single_stream_recovery_backdoor_seed20240925,20240925,single_stream,recovery_backdoor,8,0.3733,0.19733333333333333,0.10526315789473684
recovery,3_single_stream_recovery_backdoor_seed20240925,20240925,single_stream,recovery_backdoor,9,0.3715,0.21233333333333335,0.05263157894736842
recovery,3_single_stream_recovery_backdoor_seed20240925,20240925,single_stream,recovery_backdoor,10,0.4152,0.055,0.05263157894736842
recovery,3_single_stream_recovery_backdoor_seed20240925,20240925,single_stream,recovery_backdoor,11,0.4158,0.1303333333333333,0.10526315789473684
recovery,3_single_stream_recovery_backdoor_seed20240925,20240925,single_stream,recovery_backdoor,12,0.421,0.12688888888888894,0.15789473684210525
recovery,3_single_stream_recovery_backdoor_seed20240925,20240925,single_stream,recovery_backdoor,13,0.4334,0.07288888888888888,0.10526315789473684
recovery,3_single_stream_recovery_backdoor_seed20240925,20240925,single_stream,recovery_backdoor,14,0.4602,0.06488888888888887,0.05263157894736842
recovery,3_single_stream_recovery_backdoor_seed20240925,20240925,single_stream,recovery_backdoor,15,0.4546,0.10611111111111107,0.15789473684210525
recovery,3_single_stream_recovery_backdoor_seed20240925,20240925,single_stream,recovery_backdoor,16,0.4644,0.10477777777777776,0.10526315789473684
recovery,3_single_stream_recovery_backdoor_seed20240925,20240925,single_stream,recovery_backdoor,17,0.4608,0.08766666666666666,0.15789473684210525
recovery,3_single_stream_recovery_backdoor_seed20240925,20240925,single_stream,recovery_backdoor,18,0.494,0.07811111111111112,0.10526315789473684
recovery,3_single_stream_recovery_backdoor_seed20240925,20240925,single_stream,recovery_backdoor,19,0.4972,0.09633333333333334,0.10526315789473684
recovery,3_single_stream_recovery_backdoor_seed20240925,20240925,single_stream,recovery_backdoor,20,0.5115,0.075,0.10526315789473684
recovery,3_single_stream_recovery_backdoor_seed20240925,20240925,single_stream,recovery_backdoor,21,0.5168,0.073,0.10526315789473684
recovery,3_single_stream_recovery_backdoor_seed20240925,20240925,single_stream,recovery_backdoor,22,0.5223,0.07544444444444447,0.10526315789473684
recovery,3_single_stream_recovery_backdoor_seed20240925,20240925,single_stream,recovery_backdoor,23,0.5231,0.061666666666666654,0.10526315789473684
recovery,3_single_stream_recovery_backdoor_seed20240925,20240925,single_stream,recovery_backdoor,24,0.5215,0.10266666666666668,0.10526315789473684
recovery,3_single_stream_recovery_backdoor_seed20240925,20240925,single_stream,recovery_backdoor,25,0.5388,0.07022222222222226,0.05263157894736842
recovery,3_single_stream_recovery_backdoor_seed20240925,20240925,single_stream,recovery_backdoor,26,0.5474,0.059,0.10526315789473684
recovery,3_single_stream_recovery_backdoor_seed20240925,20240925,single_stream,recovery_backdoor,27,0.5536,0.05566666666666667,0.05263157894736842
recovery,3_single_stream_recovery_backdoor_seed20240925,20240925,single_stream,recovery_backdoor,28,0.5487,0.07588888888888888,0.05263157894736842
recovery,3_single_stream_recovery_backdoor_seed20240925,20240925,single_stream,recovery_backdoor,29,0.5628,0.04666666666666667,0.05263157894736842
recovery,3_single_stream_recovery_backdoor_seed20240925,20240925,single_stream,recovery_backdoor,30,0.5605,0.053,0.15789473684210525
recovery,4_ttfl_recovery_backdoor_seed20240925,20240925,ttfl,recovery_backdoor,1,0.1694,0.12288888888888894,0.0
recovery,4_ttfl_recovery_backdoor_seed20240925,20240925,ttfl,recovery_backdoor,2,0.2325,0.12055555555555551,0.0
recovery,4_ttfl_recovery_backdoor_seed20240925,20240925,ttfl,recovery_backdoor,3,0.2341,0.385222222222222,0.0
recovery,4_ttfl_recovery_backdoor_seed20240925,20240925,ttfl,recovery_backdoor,4,0.2941,0.239,0.0
recovery,4_ttfl_recovery_backdoor_seed20240925,20240925,ttfl,recovery_backdoor,5,0.2954,0.2736666666666666,0.05263157894736842
recovery,4_ttfl_recovery_backdoor_seed20240925,20240925,ttfl,recovery_backdoor,6,0.3318999999999999,0.23166666666666663,0.05263157894736842
recovery,4_ttfl_recovery_backdoor_seed20240925,20240925,ttfl,recovery_backdoor,7,0.3501,0.2124444444444445,0.05263157894736842
recovery,4_ttfl_recovery_backdoor_seed20240925,20240925,ttfl,recovery_backdoor,8,0.3676,0.20811111111111102,0.05263157894736842
recovery,4_ttfl_recovery_backdoor_seed20240925,20240925,ttfl,recovery_backdoor,9,0.383,0.17422222222222222,0.10526315789473684
recovery,4_ttfl_recovery_backdoor_seed20240925,20240925,ttfl,recovery_backdoor,10,0.4076,0.041777777777777754,0.15789473684210525
recovery,4_ttfl_recovery_backdoor_seed20240925,20240925,ttfl,recovery_backdoor,11,0.4149,0.10477777777777776,0.10526315789473684
recovery,4_ttfl_recovery_backdoor_seed20240925,20240925,ttfl,recovery_backdoor,12,0.4197,0.12911111111111107,0.15789473684210525
recovery,4_ttfl_recovery_backdoor_seed20240925,20240925,ttfl,recovery_backdoor,13,0.435,0.09044444444444447,0.15789473684210525
recovery,4_ttfl_recovery_backdoor_seed20240925,20240925,ttfl,recovery_backdoor,14,0.4546,0.075,0.15789473684210525
recovery,4_ttfl_recovery_backdoor_seed20240925,20240925,ttfl,recovery_backdoor,15,0.4578,0.11311111111111108,0.15789473684210525
recovery,4_ttfl_recovery_backdoor_seed20240925,20240925,ttfl,recovery_backdoor,16,0.4641,0.08877777777777776,0.10526315789473684
recovery,4_ttfl_recovery_backdoor_seed20240925,20240925,ttfl,recovery_backdoor,17,0.4692,0.09422222222222225,0.10526315789473684
recovery,4_ttfl_recovery_backdoor_seed20240925,20240925,ttfl,recovery_backdoor,18,0.487,0.07211111111111113,0.10526315789473684
recovery,4_ttfl_recovery_backdoor_seed20240925,20240925,ttfl,recovery_backdoor,19,0.4931,0.08577777777777776,0.10526315789473684
recovery,4_ttfl_recovery_backdoor_seed20240925,20240925,ttfl,recovery_backdoor,20,0.5082,0.07622222222222225,0.10526315789473684
recovery,4_ttfl_recovery_backdoor_seed20240925,20240925,ttfl,recovery_backdoor,21,0.5157,0.06366666666666665,0.10526315789473684
recovery,4_ttfl_recovery_backdoor_seed20240925,20240925,ttfl,recovery_backdoor,22,0.5195,0.07011111111111112,0.10526315789473684
recovery,4_ttfl_recovery_backdoor_seed20240925,20240925,ttfl,recovery_backdoor,23,0.5189,0.07333333333333335,0.10526315789473684
recovery,4_ttfl_recovery_backdoor_seed20240925,20240925,ttfl,recovery_backdoor,24,0.5247,0.08911111111111111,0.10526315789473684
recovery,4_ttfl_recovery_backdoor_seed20240925,20240925,ttfl,recovery_backdoor,25,0.5349,0.083,0.10526315789473684
recovery,4_ttfl_recovery_backdoor_seed20240925,20240925,ttfl,recovery_backdoor,26,0.544,0.05366666666666666,0.10526315789473684
recovery,4_ttfl_recovery_backdoor_seed20240925,20240925,ttfl,recovery_backdoor,27,0.5511,0.06744444444444447,0.10526315789473684
recovery,4_ttfl_recovery_backdoor_seed20240925,20240925,ttfl,recovery_backdoor,28,0.5443,0.07922222222222225,0.10526315789473684
recovery,4_ttfl_recovery_backdoor_seed20240925,20240925,ttfl,recovery_backdoor,29,0.5605,0.05622222222222224,0.10526315789473684
recovery,4_ttfl_recovery_backdoor_seed20240925,20240925,ttfl,recovery_backdoor,30,0.5669,0.05311111111111112,0.10526315789473684
recovery,5_fedavg_recovery_backdoor_seed20240926,20240926,fedavg,recovery_backdoor,1,0.2032,0.1566666666666667,
recovery,5_fedavg_recovery_backdoor_seed20240926,20240926,fedavg,recovery_backdoor,2,0.2574,0.1875555555555555,
recovery,5_fedavg_recovery_backdoor_seed20240926,20240926,fedavg,recovery_backdoor,3,0.2454,0.37444444444444436,
recovery,5_fedavg_recovery_backdoor_seed20240926,20240926,fedavg,recovery_backdoor,4,0.2738,0.3204444444444445,
recovery,5_fedavg_recovery_backdoor_seed20240926,20240926,fedavg,recovery_backdoor,5,0.3104,0.27022222222222214,
recovery,5_fedavg_recovery_backdoor_seed20240926,20240926,fedavg,recovery_backdoor,6,0.3261,0.2626666666666666,
recovery,5_fedavg_recovery_backdoor_seed20240926,20240926,fedavg,recovery_backdoor,7,0.3464,0.23711111111111102,
recovery,5_fedavg_recovery_backdoor_seed20240926,20240926,fedavg,recovery_backdoor,8,0.3672000000000001,0.22588888888888897,
recovery,5_fedavg_recovery_backdoor_seed20240926,20240926,fedavg,recovery_backdoor,9,0.3743,0.2046666666666667,
recovery,5_fedavg_recovery_backdoor_seed20240926,20240926,fedavg,recovery_backdoor,10,0.4221,0.055111111111111125,
recovery,5_fedavg_recovery_backdoor_seed20240926,20240926,fedavg,recovery_backdoor,11,0.4325,0.06488888888888887,
recovery,5_fedavg_recovery_backdoor_seed20240926,20240926,fedavg,recovery_backdoor,12,0.4415,0.07322222222222224,
recovery,5_fedavg_recovery_backdoor_seed20240926,20240926,fedavg,recovery_backdoor,13,0.4452,0.060888888888888874,
recovery,5_fedavg_recovery_backdoor_seed20240926,20240926,fedavg,recovery_backdoor,14,0.4565,0.06522222222222225,
recovery,5_fedavg_recovery_backdoor_seed20240926,20240926,fedavg,recovery_backdoor,15,0.4704,0.07877777777777775,
recovery,5_fedavg_recovery_backdoor_seed20240926,20240926,fedavg,recovery_backdoor,16,0.4748,0.06244444444444447,
recovery,5_fedavg_recovery_backdoor_seed20240926,20240926,fedavg,recovery_backdoor,17,0.4878,0.05466666666666667,
recovery,5_fedavg_recovery_backdoor_seed20240926,20240926,fedavg,recovery_backdoor,18,0.494,0.05366666666666666,
recovery,5_fedavg_recovery_backdoor_seed20240926,20240926,fedavg,recovery_backdoor,19,0.499,0.05144444444444446,
recovery,5_fedavg_recovery_backdoor_seed20240926,20240926,fedavg,recovery_backdoor,20,0.5055,0.047444444444444456,
recovery,5_fedavg_recovery_backdoor_seed20240926,20240926,fedavg,recovery_backdoor,21,0.5158,0.04833333333333333,
recovery,5_fedavg_recovery_backdoor_seed20240926,20240926,fedavg,recovery_backdoor,22,0.5225,0.043555555555555556,
recovery,5_fedavg_recovery_backdoor_seed20240926,20240926,fedavg,recovery_backdoor,23,0.5243,0.05033333333333333,
recovery,5_fedavg_recovery_backdoor_seed20240926,20240926,fedavg,recovery_backdoor,24,0.5313,0.051777777777777756,
recovery,5_fedavg_recovery_backdoor_seed20240926,20240926,fedavg,recovery_backdoor,25,0.5402,0.05033333333333333,
recovery,5_fedavg_recovery_backdoor_seed20240926,20240926,fedavg,recovery_backdoor,26,0.5412,0.03744444444444444,
recovery,5_fedavg_recovery_backdoor_seed20240926,20240926,fedavg,recovery_backdoor,27,0.5452,0.04066666666666668,
recovery,5_fedavg_recovery_backdoor_seed20240926,20240926,fedavg,recovery_backdoor,28,0.5553,0.04,
recovery,5_fedavg_recovery_backdoor_seed20240926,20240926,fedavg,recovery_backdoor,29,0.5639,0.04955555555555555,
recovery,5_fedavg_recovery_backdoor_seed20240926,20240926,fedavg,recovery_backdoor,30,0.5652,0.03444444444444444,
recovery,6_fltrust_recovery_backdoor_seed20240926,20240926,fltrust,recovery_backdoor,1,0.223,0.1426666666666667,
recovery,6_fltrust_recovery_backdoor_seed20240926,20240926,fltrust,recovery_backdoor,2,0.2785,0.1426666666666667,
recovery,6_fltrust_recovery_backdoor_seed20240926,20240926,fltrust,recovery_backdoor,3,0.2935,0.1822222222222222,
recovery,6_fltrust_recovery_backdoor_seed20240926,20240926,fltrust,recovery_backdoor,4,0.3299000000000001,0.16933333333333328,
recovery,6_fltrust_recovery_backdoor_seed20240926,20240926,fltrust,recovery_backdoor,5,0.333,0.17344444444444448,
recovery,6_fltrust_recovery_backdoor_seed20240926,20240926,fltrust,recovery_backdoor,6,0.3726999999999999,0.1475555555555555,
recovery,6_fltrust_recovery_backdoor_seed20240926,20240926,fltrust,recovery_backdoor,7,0.334,0.2676666666666666,
recovery,6_fltrust_recovery_backdoor_seed20240926,20240926,fltrust,recovery_backdoor,8,0.3933,0.06533333333333334,
recovery,6_fltrust_recovery_backdoor_seed20240926,20240926,fltrust,recovery_backdoor,9,0.2959,0.357888888888889,
recovery,6_fltrust_recovery_backdoor_seed20240926,20240926,fltrust,recovery_backdoor,10,0.4044,0.02133333333333334,
recovery,6_fltrust_recovery_backdoor_seed20240926,20240926,fltrust,recovery_backdoor,11,0.4213,0.11322222222222224,
recovery,6_fltrust_recovery_backdoor_seed20240926,20240926,fltrust,recovery_backdoor,12,0.4372,0.04766666666666667,
recovery,6_fltrust_recovery_backdoor_seed20240926,20240926,fltrust,recovery_backdoor,13,0.4238,0.06766666666666665,
recovery,6_fltrust_recovery_backdoor_seed20240926,20240926,fltrust,recovery_backdoor,14,0.4357,0.04033333333333332,
recovery,6_fltrust_recovery_backdoor_seed20240926,20240926,fltrust,recovery_backdoor,15,0.4528,0.1196666666666667,
recovery,6_fltrust_recovery_backdoor_seed20240926,20240926,fltrust,recovery_backdoor,16,0.4555,0.04122222222222224,
recovery,6_fltrust_recovery_backdoor_seed20240926,20240926,fltrust,recovery_backdoor,17,0.4635,0.08844444444444449,
recovery,6_fltrust_recovery_backdoor_seed20240926,20240926,fltrust,recovery_backdoor,18,0.4668,0.042555555555555555,
recovery,6_fltrust_recovery_backdoor_seed20240926,20240926,fltrust,recovery_backdoor,19,0.4705,0.077,
recovery,6_fltrust_recovery_backdoor_seed20240926,20240926,fltrust,recovery_backdoor,20,0.4843,0.03522222222222224,
recovery,6_fltrust_recovery_backdoor_seed20240926,20240926,fltrust,recovery_backdoor,21,0.4907,0.08644444444444449,
recovery,6_fltrust_recovery_backdoor_seed20240926,20240926,fltrust,recovery_backdoor,22,0.4964,0.03411111111111112,
recovery,6_fltrust_recovery_backdoor_seed20240926,20240926,fltrust,recovery_backdoor,23,0.506,0.07544444444444447,
recovery,6_fltrust_recovery_backdoor_seed20240926,20240926,fltrust,recovery_backdoor,24,0.5101,0.03944444444444444,
recovery,6_fltrust_recovery_backdoor_seed20240926,20240926,fltrust,recovery_backdoor,25,0.5024,0.07422222222222224,
recovery,6_fltrust_recovery_backdoor_seed20240926,20240926,fltrust,recovery_backdoor,26,0.5148,0.02855555555555556,
recovery,6_fltrust_recovery_backdoor_seed20240926,20240926,fltrust,recovery_backdoor,27,0.5313,0.06533333333333334,
recovery,6_fltrust_recovery_backdoor_seed20240926,20240926,fltrust,recovery_backdoor,28,0.5317,0.03277777777777777,
recovery,6_fltrust_recovery_backdoor_seed20240926,20240926,fltrust,recovery_backdoor,29,0.5503,0.07744444444444448,
recovery,6_fltrust_recovery_backdoor_seed20240926,20240926,fltrust,recovery_backdoor,30,0.5288,0.02777777777777777,
recovery,7_single_stream_recovery_backdoor_seed20240926,20240926,single_stream,recovery_backdoor,1,0.2202,0.18166666666666667,0.0
recovery,7_single_stream_recovery_backdoor_seed20240926,20240926,single_stream,recovery_backdoor,2,0.2625,0.1925555555555555,0.0
recovery,7_single_stream_recovery_backdoor_seed20240926,20240926,single_stream,recovery_backdoor,3,0.2773,0.1975555555555555,0.21052631578947367
recovery,7_single_stream_recovery_backdoor_seed20240926,20240926,single_stream,recovery_backdoor,4,0.2669,0.354888888888889,0.3157894736842105
recovery,7_single_stream_recovery_backdoor_seed20240926,20240926,single_stream,recovery_backdoor,5,0.336,0.1474444444444445,0.2631578947368421
recovery,7_single_stream_recovery_backdoor_seed20240926,20240926,single_stream,recovery_backdoor,6,0.3642000000000001,0.15122222222222226,0.2631578947368421
recovery,7_single_stream_recovery_backdoor_seed20240926,20240926,single_stream,recovery_backdoor,7,0.3694,0.1523333333333333,0.2631578947368421
recovery,7_single_stream_recovery_backdoor_seed20240926,20240926,single_stream,recovery_backdoor,8,0.386,0.179,0.21052631578947367
recovery,7_single_stream_recovery_backdoor_seed20240926,20240926,single_stream,recovery_backdoor,9,0.4001,0.02044444444444444,0.2631578947368421
recovery,7_single_stream_recovery_backdoor_seed20240926,20240926,single_stream,recovery_backdoor,10,0.4366,0.05333333333333334,0.15789473684210525
recovery,7_single_stream_recovery_backdoor_seed20240926,20240926,single_stream,recovery_backdoor,11,0.4456,0.05288888888888888,0.15789473684210525
recovery,7_single_stream_recovery_backdoor_seed20240926,20240926,single_stream,recovery_backdoor,12,0.4537,0.0898888888888889,0.10526315789473684
recovery,7_single_stream_recovery_backdoor_seed20240926,20240926,single_stream,recovery_backdoor,13,0.4559,0.048,0.15789473684210525
recovery,7_single_stream_recovery_backdoor_seed20240926,20240926,single_stream,recovery_backdoor,14,0.462,0.06511111111111112,0.15789473684210525
recovery,7_single_stream_recovery_backdoor_seed20240926,20240926,single_stream,recovery_backdoor,15,0.4786,0.06444444444444447,0.15789473684210525
recovery,7_single_stream_recovery_backdoor_seed20240926,20240926,single_stream,recovery_backdoor,16,0.4871,0.07677777777777775,0.10526315789473684
recovery,7_single_stream_recovery_backdoor_seed20240926,20240926,single_stream,recovery_backdoor,17,0.493,0.043222222222222245,0.15789473684210525
recovery,7_single_stream_recovery_backdoor_seed20240926,20240926,single_stream,recovery_backdoor,18,0.488,0.04333333333333333,0.21052631578947367
recovery,7_single_stream_recovery_backdoor_seed20240926,20240926,single_stream,recovery_backdoor,19,0.5071,0.05333333333333334,0.15789473684210525
recovery,7_single_stream_recovery_backdoor_seed20240926,20240926,single_stream,recovery_backdoor,20,0.5164,0.05344444444444446,0.10526315789473684
recovery,7_single_stream_recovery_backdoor_seed20240926,20240926,single_stream,recovery_backdoor,21,0.5285,0.046111111111111124,0.15789473684210525
recovery,7_single_stream_recovery_backdoor_seed20240926,20240926,single_stream,recovery_backdoor,22,0.5341,0.04966666666666666,0.10526315789473684
recovery,7_single_stream_recovery_backdoor_seed20240926,20240926,single_stream,recovery_backdoor,23,0.532,0.05622222222222224,0.10526315789473684
recovery,7_single_stream_recovery_backdoor_seed20240926,20240926,single_stream,recovery_backdoor,24,0.537,0.040111111111111125,0.15789473684210525
recovery,7_single_stream_recovery_backdoor_seed20240926,20240926,single_stream,recovery_backdoor,25,0.5439,0.054888888888888876,0.10526315789473684
recovery,7_single_stream_recovery_backdoor_seed20240926,20240926,single_stream,recovery_backdoor,26,0.5449,0.031,0.15789473684210525
recovery,7_single_stream_recovery_backdoor_seed20240926,20240926,single_stream,recovery_backdoor,27,0.5545,0.046888888888888876,0.10526315789473684
recovery,7_single_stream_recovery_backdoor_seed20240926,20240926,single_stream,recovery_backdoor,28,0.5611,0.04577777777777776,0.10526315789473684
recovery,7_single_stream_recovery_backdoor_seed20240926,20240926,single_stream,recovery_backdoor,29,0.5699,0.051777777777777756,0.10526315789473684
recovery,7_single_stream_recovery_backdoor_seed20240926,20240926,single_stream,recovery_backdoor,30,0.5715,0.028,0.10526315789473684
recovery,8_ttfl_recovery_backdoor_seed20240926,20240926,ttfl,recovery_backdoor,1,0.2179,0.18722222222222218,0.0
recovery,8_ttfl_recovery_backdoor_seed20240926,20240926,ttfl,recovery_backdoor,2,0.2619,0.19033333333333333,0.0
recovery,8_ttfl_recovery_backdoor_seed20240926,20240926,ttfl,recovery_backdoor,3,0.2504,0.386,0.0
recovery,8_ttfl_recovery_backdoor_seed20240926,20240926,ttfl,recovery_backdoor,4,0.2845,0.313,0.0
recovery,8_ttfl_recovery_backdoor_seed20240926,20240926,ttfl,recovery_backdoor,5,0.3295,0.22088888888888897,0.0
recovery,8_ttfl_recovery_backdoor_seed20240926,20240926,ttfl,recovery_backdoor,6,0.3598,0.18577777777777782,0.0
recovery,8_ttfl_recovery_backdoor_seed20240926,20240926,ttfl,recovery_backdoor,7,0.3709,0.18022222222222223,0.0
recovery,8_ttfl_recovery_backdoor_seed20240926,20240926,ttfl,recovery_backdoor,8,0.3922,0.1864444444444445,0.0
recovery,8_ttfl_recovery_backdoor_seed20240926,20240926,ttfl,recovery_backdoor,9,0.4001,0.1395555555555555,0.0
recovery,8_ttfl_recovery_backdoor_seed20240926,20240926,ttfl,recovery_backdoor,10,0.4358,0.05322222222222225,0.05263157894736842
recovery,8_ttfl_recovery_backdoor_seed20240926,20240926,ttfl,recovery_backdoor,11,0.4465,0.05522222222222224,0.05263157894736842
recovery,8_ttfl_recovery_backdoor_seed20240926,20240926,ttfl,recovery_backdoor,12,0.4523,0.07422222222222224,0.05263157894736842
recovery,8_ttfl_recovery_backdoor_seed20240926,20240926,ttfl,recovery_backdoor,13,0.4487,0.056444444444444464,0.05263157894736842
recovery,8_ttfl_recovery_backdoor_seed20240926,20240926,ttfl,recovery_backdoor,14,0.4615,0.05655555555555554,0.05263157894736842
recovery,8_ttfl_recovery_backdoor_seed20240926,20240926,ttfl,recovery_backdoor,15,0.4793,0.07944444444444448,0.05263157894736842
recovery,8_ttfl_recovery_backdoor_seed20240926,20240926,ttfl,recovery_backdoor,16,0.4799,0.06322222222222225,0.10526315789473684
recovery,8_ttfl_recovery_backdoor_seed20240926,20240926,ttfl,recovery_backdoor,17,0.489,0.05277777777777776,0.10526315789473684
recovery,8_ttfl_recovery_backdoor_seed20240926,20240926,ttfl,recovery_backdoor,18,0.4929,0.05144444444444446,0.10526315789473684
recovery,8_ttfl_recovery_backdoor_seed20240926,20240926,ttfl,recovery_backdoor,19,0.5085,0.05577777777777775,0.10526315789473684
recovery,8_ttfl_recovery_backdoor_seed20240926,20240926,ttfl,recovery_backdoor,20,0.5149,0.04555555555555555,0.10526315789473684
recovery,8_ttfl_recovery_backdoor_seed20240926,20240926,ttfl,recovery_backdoor,21,0.5219,0.05422222222222224,0.10526315789473684
recovery,8_ttfl_recovery_backdoor_seed20240926,20240926,ttfl,recovery_backdoor,22,0.5294,0.04777777777777775,0.10526315789473684
recovery,8_ttfl_recovery_backdoor_seed20240926,20240926,ttfl,recovery_backdoor,23,0.5296,0.05133333333333334,0.05263157894736842
recovery,8_ttfl_recovery_backdoor_seed20240926,20240926,ttfl,recovery_backdoor,24,0.5382,0.048111111111111125,0.05263157894736842
recovery,8_ttfl_recovery_backdoor_seed20240926,20240926,ttfl,recovery_backdoor,25,0.5438,0.049222222222222244,0.05263157894736842
recovery,8_ttfl_recovery_backdoor_seed20240926,20240926,ttfl,recovery_backdoor,26,0.5475,0.03855555555555556,0.05263157894736842
recovery,8_ttfl_recovery_backdoor_seed20240926,20240926,ttfl,recovery_backdoor,27,0.5565,0.042222222222222244,0.05263157894736842
recovery,8_ttfl_recovery_backdoor_seed20240926,20240926,ttfl,recovery_backdoor,28,0.5617,0.04288888888888888,0.05263157894736842
recovery,8_ttfl_recovery_backdoor_seed20240926,20240926,ttfl,recovery_backdoor,29,0.5733,0.04766666666666667,0.05263157894736842
recovery,8_ttfl_recovery_backdoor_seed20240926,20240926,ttfl,recovery_backdoor,30,0.5741,0.037555555555555564,0.05263157894736842
